Workbook

Sheet Typecode Reference
B1: Manufacturer | C1: Class | D1: Designation | E1: Primary Data | H1: Refractive Indices | M1: Dispersions | S1: Coefficients of Dispersion Formulae | Z1: Physical Properties | AC1: Remarks
E2: nd | F2: vd | G2: ve | H2: nC | I2: nd | J2: ne | K2: nF | L2: ng | M2: nF-nC | N2: nd-nC | O2: ng-nF | P2: θd,C | Q2: θg,F | R2: Δθg,F | S2: Formula | T2: a1 | U2: a2 | V2: a3 | W2: a4 | X2: a5 | Y2: a6 | Z2: ρ (g/cm3) | AA2: Tg (°C) | AB2: Tsoft (°C) | AC2: Precision Molding | AD2: Status | AE2: Other Comments
A3: 1 | B3: Ohara | C3: CaF | D3: S-FPL51 | E3: =I3 -> 1.4969993 | F3: =(I3-1)/M3 -> 81.546845 | G3: {=_xlfn.LET( _xlpm.λe, Addendum!$A$47/1000, _xlpm.λF, Addendum!$A$63/1000, _xlpm.λC, Addendum!$A$38/1000, _xlpm.EqName, INDEX($S:$S, ROW()), _xlpm.a_1, INDEX($T:$T, ROW()), _xlpm.a_2, INDEX($U:$U, ROW()), _xlpm.a_3, INDEX($V:$V, ROW()), _xlpm.a_4, INDEX($W:$W, ROW()), _xlpm.a_5, INDEX($X:$X, ROW()), _xlpm.a_6, INDEX($Y:$Y, ROW()), _xlpm.b_1, IF(ISNUMBER(SEARCH("Schott 3/4", _xlpm.EqName)), IFERROR(_xlfn.TEXTAFTER(INDEX($AE:$AE, ROW()), "="), 0), 0), _xlpm.Sellmeier, _xlfn.LAMBDA(_xlpm.λ, _xlpm.a_1*_xlpm.λ^2/(_xlpm.λ^2-_xlpm.a_4) + _xlpm.a_2*_xlpm.λ^2/(_xlpm.λ^2-_xlpm.a_5) + _xlpm.a_3*_xlpm.λ^2/(_xlpm.λ^2-_xlpm.a_6)), _xlpm.Schott, _xlfn.LAMBDA(_xlpm.λ, _xlpm.a_1 + _xlpm.a_2*(_xlpm.λ^2) + _xlpm.b_1*(_xlpm.λ^4) + _xlpm.a_3*(_xlpm.λ^-2) + _xlpm.a_4*(_xlpm.λ^-4) + _xlpm.a_5*(_xlpm.λ^-6) + _xlpm.a_6*(_xlpm.λ^-8)), _xlpm.RefrIndex, _xlfn.LAMBDA(_xlpm.λ, IF(ISNUMBER(SEARCH("Sellmeier", _xlpm.EqName)), IF(ISNUMBER(SEARCH("Mod", _xlpm.EqName)), SQRT((2*_xlpm.Sellmeier(_xlpm.λ)+1)/(1-_xlpm.Sellmeier(_xlpm.λ))), SQRT(1+_xlpm.Sellmeier(_xlpm.λ)) ), IF(ISNUMBER(SEARCH("Schott", _xlpm.EqName)), SQRT(_xlpm.Schott(_xlpm.λ)), NA() ) ) ), _xlpm.ne, _xlpm.RefrIndex(_xlpm.λe), _xlpm.nF, _xlpm.RefrIndex(_xlpm.λF), _xlpm.nC, _xlpm.RefrIndex(_xlpm.λC), (_xlpm.ne - 1)/(_xlpm.nF - _xlpm.nC) )} -> 81.15263 | H3: {=_xlfn.LET( _xlpm.λX, _xlfn.SWITCH(INDEX($2:$2, COLUMN()), "nC", Addendum!$A$37/1000, "nd", Addendum!$A$46/1000, "ne", Addendum!$A$47/1000, "nF", Addendum!$A$62/1000, "ng", Addendum!$A$69/1000, ), _xlpm.EqName, INDEX($S:$S, ROW()), _xlpm.a_1, INDEX($T:$T, ROW()), _xlpm.a_2, INDEX($U:$U, ROW()), _xlpm.a_3, INDEX($V:$V, ROW()), _xlpm.a_4, INDEX($W:$W, ROW()), _xlpm.a_5, INDEX($X:$X, ROW()), _xlpm.a_6, INDEX($Y:$Y, ROW()), _xlpm.b_1, IF(ISNUMBER(SEARCH("Schott 3/4", _xlpm.EqName)), IFERROR(_xlfn.TEXTAFTER(INDEX($AE:$AE, ROW()), "="), 0), 0), _xlpm.Sellmeier, _xlfn.LAMBDA(_xlpm.λ, _xlpm.a_1*_xlpm.λ^2/(_xlpm.λ^2-_xlpm.a_4) + _xlpm.a_2*_xlpm.λ^2/(_xlpm.λ^2-_xlpm.a_5) + _xlpm.a_3*_xlpm.λ^2/(_xlpm.λ^2-_xlpm.a_6)), _xlpm.Schott, _xlfn.LAMBDA(_xlpm.λ, _xlpm.a_1 + _xlpm.a_2*(_xlpm.λ^2) + _xlpm.b_1*(_xlpm.λ^4) + _xlpm.a_3*(_xlpm.λ^-2) + _xlpm.a_4*(_xlpm.λ^-4) + _xlpm.a_5*(_xlpm.λ^-6) + _xlpm.a_6*(_xlpm.λ^-8)), IF(ISNUMBER(SEARCH("Sellmeier", _xlpm.EqName)), IF(ISNUMBER(SEARCH("Mod", _xlpm.EqName)), SQRT((2*_xlpm.Sellmeier(_xlpm.λX)+1)/(1-_xlpm.Sellmeier(_xlpm.λX))), SQRT(1+_xlpm.Sellmeier(_xlpm.λX)) ), IF(ISNUMBER(SEARCH("Schott", _xlpm.EqName)), SQRT(_xlpm.Schott(_xlpm.λX)), NA() ) ) )} -> 1.4951364 | I3: {=_xlfn.LET( _xlpm.λX, _xlfn.SWITCH(INDEX($2:$2, COLUMN()), "nC", Addendum!$A$37/1000, "nd", Addendum!$A$46/1000, "ne", Addendum!$A$47/1000, "nF", Addendum!$A$62/1000, "ng", Addendum!$A$69/1000, ), _xlpm.EqName, INDEX($S:$S, ROW()), _xlpm.a_1, INDEX($T:$T, ROW()), _xlpm.a_2, INDEX($U:$U, ROW()), _xlpm.a_3, INDEX($V:$V, ROW()), _xlpm.a_4, INDEX($W:$W, ROW()), _xlpm.a_5, INDEX($X:$X, ROW()), _xlpm.a_6, INDEX($Y:$Y, ROW()), _xlpm.b_1, IF(ISNUMBER(SEARCH("Schott 3/4", _xlpm.EqName)), IFERROR(_xlfn.TEXTAFTER(INDEX($AE:$AE, ROW()), "="), 0), 0), _xlpm.Sellmeier, _xlfn.LAMBDA(_xlpm.λ, _xlpm.a_1*_xlpm.λ^2/(_xlpm.λ^2-_xlpm.a_4) + _xlpm.a_2*_xlpm.λ^2/(_xlpm.λ^2-_xlpm.a_5) + _xlpm.a_3*_xlpm.λ^2/(_xlpm.λ^2-_xlpm.a_6)), _xlpm.Schott, _xlfn.LAMBDA(_xlpm.λ, _xlpm.a_1 + _xlpm.a_2*(_xlpm.λ^2) + _xlpm.b_1*(_xlpm.λ^4) + _xlpm.a_3*(_xlpm.λ^-2) + _xlpm.a_4*(_xlpm.λ^-4) + _xlpm.a_5*(_xlpm.λ^-6) + _xlpm.a_6*(_xlpm.λ^-8)), IF(ISNUMBER(SEARCH("Sellmeier", _xlpm.EqName)), IF(ISNUMBER(SEARCH("Mod", _xlpm.EqName)), SQRT((2*_xlpm.Sellmeier(_xlpm.λX)+1)/(1-_xlpm.Sellmeier(_xlpm.λX))), SQRT(1+_xlpm.Sellmeier(_xlpm.λX)) ), IF(ISNUMBER(SEARCH("Schott", _xlpm.EqName)), SQRT(_xlpm.Schott(_xlpm.λX)), NA() ) ) )} -> 1.4969993 | J3: {=_xlfn.LET( _xlpm.λX, _xlfn.SWITCH(INDEX($2:$2, COLUMN()), "nC", Addendum!$A$37/1000, "nd", Addendum!$A$46/1000, "ne", Addendum!$A$47/1000, "nF", Addendum!$A$62/1000, "ng", Addendum!$A$69/1000, ), _xlpm.EqName, INDEX($S:$S, ROW()), _xlpm.a_1, INDEX($T:$T, ROW()), _xlpm.a_2, INDEX($U:$U, ROW()), _xlpm.a_3, INDEX($V:$V, ROW()), _xlpm.a_4, INDEX($W:$W, ROW()), _xlpm.a_5, INDEX($X:$X, ROW()), _xlpm.a_6, INDEX($Y:$Y, ROW()), _xlpm.b_1, IF(ISNUMBER(SEARCH("Schott 3/4", _xlpm.EqName)), IFERROR(_xlfn.TEXTAFTER(INDEX($AE:$AE, ROW()), "="), 0), 0), _xlpm.Sellmeier, _xlfn.LAMBDA(_xlpm.λ, _xlpm.a_1*_xlpm.λ^2/(_xlpm.λ^2-_xlpm.a_4) + _xlpm.a_2*_xlpm.λ^2/(_xlpm.λ^2-_xlpm.a_5) + _xlpm.a_3*_xlpm.λ^2/(_xlpm.λ^2-_xlpm.a_6)), _xlpm.Schott, _xlfn.LAMBDA(_xlpm.λ, _xlpm.a_1 + _xlpm.a_2*(_xlpm.λ^2) + _xlpm.b_1*(_xlpm.λ^4) + _xlpm.a_3*(_xlpm.λ^-2) + _xlpm.a_4*(_xlpm.λ^-4) + _xlpm.a_5*(_xlpm.λ^-6) + _xlpm.a_6*(_xlpm.λ^-8)), IF(ISNUMBER(SEARCH("Sellmeier", _xlpm.EqName)), IF(ISNUMBER(SEARCH("Mod", _xlpm.EqName)), SQRT((2*_xlpm.Sellmeier(_xlpm.λX)+1)/(1-_xlpm.Sellmeier(_xlpm.λX))), SQRT(1+_xlpm.Sellmeier(_xlpm.λX)) ), IF(ISNUMBER(SEARCH("Schott", _xlpm.EqName)), SQRT(_xlpm.Schott(_xlpm.λX)), NA() ) ) )} -> 1.4984545 | K3: {=_xlfn.LET( _xlpm.λX, _xlfn.SWITCH(INDEX($2:$2, COLUMN()), "nC", Addendum!$A$37/1000, "nd", Addendum!$A$46/1000, "ne", Addendum!$A$47/1000, "nF", Addendum!$A$62/1000, "ng", Addendum!$A$69/1000, ), _xlpm.EqName, INDEX($S:$S, ROW()), _xlpm.a_1, INDEX($T:$T, ROW()), _xlpm.a_2, INDEX($U:$U, ROW()), _xlpm.a_3, INDEX($V:$V, ROW()), _xlpm.a_4, INDEX($W:$W, ROW()), _xlpm.a_5, INDEX($X:$X, ROW()), _xlpm.a_6, INDEX($Y:$Y, ROW()), _xlpm.b_1, IF(ISNUMBER(SEARCH("Schott 3/4", _xlpm.EqName)), IFERROR(_xlfn.TEXTAFTER(INDEX($AE:$AE, ROW()), "="), 0), 0), _xlpm.Sellmeier, _xlfn.LAMBDA(_xlpm.λ, _xlpm.a_1*_xlpm.λ^2/(_xlpm.λ^2-_xlpm.a_4) + _xlpm.a_2*_xlpm.λ^2/(_xlpm.λ^2-_xlpm.a_5) + _xlpm.a_3*_xlpm.λ^2/(_xlpm.λ^2-_xlpm.a_6)), _xlpm.Schott, _xlfn.LAMBDA(_xlpm.λ, _xlpm.a_1 + _xlpm.a_2*(_xlpm.λ^2) + _xlpm.b_1*(_xlpm.λ^4) + _xlpm.a_3*(_xlpm.λ^-2) + _xlpm.a_4*(_xlpm.λ^-4) + _xlpm.a_5*(_xlpm.λ^-6) + _xlpm.a_6*(_xlpm.λ^-8)), IF(ISNUMBER(SEARCH("Sellmeier", _xlpm.EqName)), IF(ISNUMBER(SEARCH("Mod", _xlpm.EqName)), SQRT((2*_xlpm.Sellmeier(_xlpm.λX)+1)/(1-_xlpm.Sellmeier(_xlpm.λX))), SQRT(1+_xlpm.Sellmeier(_xlpm.λX)) ), IF(ISNUMBER(SEARCH("Schott", _xlpm.EqName)), SQRT(_xlpm.Schott(_xlpm.λX)), NA() ) ) )} -> 1.5012311 | L3: {=_xlfn.LET( _xlpm.λX, _xlfn.SWITCH(INDEX($2:$2, COLUMN()), "nC", Addendum!$A$37/1000, "nd", Addendum!$A$46/1000, "ne", Addendum!$A$47/1000, "nF", Addendum!$A$62/1000, "ng", Addendum!$A$69/1000, ), _xlpm.EqName, INDEX($S:$S, ROW()), _xlpm.a_1, INDEX($T:$T, ROW()), _xlpm.a_2, INDEX($U:$U, ROW()), _xlpm.a_3, INDEX($V:$V, ROW()), _xlpm.a_4, INDEX($W:$W, ROW()), _xlpm.a_5, INDEX($X:$X, ROW()), _xlpm.a_6, INDEX($Y:$Y, ROW()), _xlpm.b_1, IF(ISNUMBER(SEARCH("Schott 3/4", _xlpm.EqName)), IFERROR(_xlfn.TEXTAFTER(INDEX($AE:$AE, ROW()), "="), 0), 0), _xlpm.Sellmeier, _xlfn.LAMBDA(_xlpm.λ, _xlpm.a_1*_xlpm.λ^2/(_xlpm.λ^2-_xlpm.a_4) + _xlpm.a_2*_xlpm.λ^2/(_xlpm.λ^2-_xlpm.a_5) + _xlpm.a_3*_xlpm.λ^2/(_xlpm.λ^2-_xlpm.a_6)), _xlpm.Schott, _xlfn.LAMBDA(_xlpm.λ, _xlpm.a_1 + _xlpm.a_2*(_xlpm.λ^2) + _xlpm.b_1*(_xlpm.λ^4) + _xlpm.a_3*(_xlpm.λ^-2) + _xlpm.a_4*(_xlpm.λ^-4) + _xlpm.a_5*(_xlpm.λ^-6) + _xlpm.a_6*(_xlpm.λ^-8)), IF(ISNUMBER(SEARCH("Sellmeier", _xlpm.EqName)), IF(ISNUMBER(SEARCH("Mod", _xlpm.EqName)), SQRT((2*_xlpm.Sellmeier(_xlpm.λX)+1)/(1-_xlpm.Sellmeier(_xlpm.λX))), SQRT(1+_xlpm.Sellmeier(_xlpm.λX)) ), IF(ISNUMBER(SEARCH("Schott", _xlpm.EqName)), SQRT(_xlpm.Schott(_xlpm.λX)), NA() ) ) )} -> 1.5045069 | M3: =K3-H3 -> 0.0060946477 | N3: =I3-H3 -> 0.0018628835 | O3: =L3-K3 -> 0.003275852 | P3: =(I3-H3)/M3 -> 0.30565892 | Q3: =(L3-K3)/M3 -> 0.53749652 | R3: 0.028 | S3: Sellmeier 3 | T3: 1.1701051 | U3: 0.047571078 | V3: 0.76383245 | W3: 0.0061620392 | X3: 0.026337288 | Y3: 141.88264 | Z3: 3.62 | AA3: 459 | AC3: Not Specified | AD3: Recommended
A4: 2 | B4: Ohara | C4: CaF | D4: S-FPL53 | E4: =I4 -> 1.4387504 | F4: =(I4-1)/M4 -> 94.947134 | G4: {=_xlfn.LET( _xlpm.λe, Addendum!$A$47/1000, _xlpm.λF, Addendum!$A$63/1000, _xlpm.λC, Addendum!$A$38/1000, _xlpm.EqName, INDEX($S:$S, ROW()), _xlpm.a_1, INDEX($T:$T, ROW()), _xlpm.a_2, INDEX($U:$U, ROW()), _xlpm.a_3, INDEX($V:$V, ROW()), _xlpm.a_4, INDEX($W:$W, ROW()), _xlpm.a_5, INDEX($X:$X, ROW()), _xlpm.a_6, INDEX($Y:$Y, ROW()), _xlpm.b_1, IF(ISNUMBER(SEARCH("Schott 3/4", _xlpm.EqName)), IFERROR(_xlfn.TEXTAFTER(INDEX($AE:$AE, ROW()), "="), 0), 0), _xlpm.Sellmeier, _xlfn.LAMBDA(_xlpm.λ, _xlpm.a_1*_xlpm.λ^2/(_xlpm.λ^2-_xlpm.a_4) + _xlpm.a_2*_xlpm.λ^2/(_xlpm.λ^2-_xlpm.a_5) + _xlpm.a_3*_xlpm.λ^2/(_xlpm.λ^2-_xlpm.a_6)), _xlpm.Schott, _xlfn.LAMBDA(_xlpm.λ, _xlpm.a_1 + _xlpm.a_2*(_xlpm.λ^2) + _xlpm.b_1*(_xlpm.λ^4) + _xlpm.a_3*(_xlpm.λ^-2) + _xlpm.a_4*(_xlpm.λ^-4) + _xlpm.a_5*(_xlpm.λ^-6) + _xlpm.a_6*(_xlpm.λ^-8)), _xlpm.RefrIndex, _xlfn.LAMBDA(_xlpm.λ, IF(ISNUMBER(SEARCH("Sellmeier", _xlpm.EqName)), IF(ISNUMBER(SEARCH("Mod", _xlpm.EqName)), SQRT((2*_xlpm.Sellmeier(_xlpm.λ)+1)/(1-_xlpm.Sellmeier(_xlpm.λ))), SQRT(1+_xlpm.Sellmeier(_xlpm.λ)) ), IF(ISNUMBER(SEARCH("Schott", _xlpm.EqName)), SQRT(_xlpm.Schott(_xlpm.λ)), NA() ) ) ), _xlpm.ne, _xlpm.RefrIndex(_xlpm.λe), _xlpm.nF, _xlpm.RefrIndex(_xlpm.λF), _xlpm.nC, _xlpm.RefrIndex(_xlpm.λC), (_xlpm.ne - 1)/(_xlpm.nF - _xlpm.nC) )} -> 94.494203 | H4: {=_xlfn.LET( _xlpm.λX, _xlfn.SWITCH(INDEX($2:$2, COLUMN()), "nC", Addendum!$A$37/1000, "nd", Addendum!$A$46/1000, "ne", Addendum!$A$47/1000, "nF", Addendum!$A$62/1000, "ng", Addendum!$A$69/1000, ), _xlpm.EqName, INDEX($S:$S, ROW()), _xlpm.a_1, INDEX($T:$T, ROW()), _xlpm.a_2, INDEX($U:$U, ROW()), _xlpm.a_3, INDEX($V:$V, ROW()), _xlpm.a_4, INDEX($W:$W, ROW()), _xlpm.a_5, INDEX($X:$X, ROW()), _xlpm.a_6, INDEX($Y:$Y, ROW()), _xlpm.b_1, IF(ISNUMBER(SEARCH("Schott 3/4", _xlpm.EqName)), IFERROR(_xlfn.TEXTAFTER(INDEX($AE:$AE, ROW()), "="), 0), 0), _xlpm.Sellmeier, _xlfn.LAMBDA(_xlpm.λ, _xlpm.a_1*_xlpm.λ^2/(_xlpm.λ^2-_xlpm.a_4) + _xlpm.a_2*_xlpm.λ^2/(_xlpm.λ^2-_xlpm.a_5) + _xlpm.a_3*_xlpm.λ^2/(_xlpm.λ^2-_xlpm.a_6)), _xlpm.Schott, _xlfn.LAMBDA(_xlpm.λ, _xlpm.a_1 + _xlpm.a_2*(_xlpm.λ^2) + _xlpm.b_1*(_xlpm.λ^4) + _xlpm.a_3*(_xlpm.λ^-2) + _xlpm.a_4*(_xlpm.λ^-4) + _xlpm.a_5*(_xlpm.λ^-6) + _xlpm.a_6*(_xlpm.λ^-8)), IF(ISNUMBER(SEARCH("Sellmeier", _xlpm.EqName)), IF(ISNUMBER(SEARCH("Mod", _xlpm.EqName)), SQRT((2*_xlpm.Sellmeier(_xlpm.λX)+1)/(1-_xlpm.Sellmeier(_xlpm.λX))), SQRT(1+_xlpm.Sellmeier(_xlpm.λX)) ), IF(ISNUMBER(SEARCH("Schott", _xlpm.EqName)), SQRT(_xlpm.Schott(_xlpm.λX)), NA() ) ) )} -> 1.4373334 | I4: {=_xlfn.LET( _xlpm.λX, _xlfn.SWITCH(INDEX($2:$2, COLUMN()), "nC", Addendum!$A$37/1000, "nd", Addendum!$A$46/1000, "ne", Addendum!$A$47/1000, "nF", Addendum!$A$62/1000, "ng", Addendum!$A$69/1000, ), _xlpm.EqName, INDEX($S:$S, ROW()), _xlpm.a_1, INDEX($T:$T, ROW()), _xlpm.a_2, INDEX($U:$U, ROW()), _xlpm.a_3, INDEX($V:$V, ROW()), _xlpm.a_4, INDEX($W:$W, ROW()), _xlpm.a_5, INDEX($X:$X, ROW()), _xlpm.a_6, INDEX($Y:$Y, ROW()), _xlpm.b_1, IF(ISNUMBER(SEARCH("Schott 3/4", _xlpm.EqName)), IFERROR(_xlfn.TEXTAFTER(INDEX($AE:$AE, ROW()), "="), 0), 0), _xlpm.Sellmeier, _xlfn.LAMBDA(_xlpm.λ, _xlpm.a_1*_xlpm.λ^2/(_xlpm.λ^2-_xlpm.a_4) + _xlpm.a_2*_xlpm.λ^2/(_xlpm.λ^2-_xlpm.a_5) + _xlpm.a_3*_xlpm.λ^2/(_xlpm.λ^2-_xlpm.a_6)), _xlpm.Schott, _xlfn.LAMBDA(_xlpm.λ, _xlpm.a_1 + _xlpm.a_2*(_xlpm.λ^2) + _xlpm.b_1*(_xlpm.λ^4) + _xlpm.a_3*(_xlpm.λ^-2) + _xlpm.a_4*(_xlpm.λ^-4) + _xlpm.a_5*(_xlpm.λ^-6) + _xlpm.a_6*(_xlpm.λ^-8)), IF(ISNUMBER(SEARCH("Sellmeier", _xlpm.EqName)), IF(ISNUMBER(SEARCH("Mod", _xlpm.EqName)), SQRT((2*_xlpm.Sellmeier(_xlpm.λX)+1)/(1-_xlpm.Sellmeier(_xlpm.λX))), SQRT(1+_xlpm.Sellmeier(_xlpm.λX)) ), IF(ISNUMBER(SEARCH("Schott", _xlpm.EqName)), SQRT(_xlpm.Schott(_xlpm.λX)), NA() ) ) )} -> 1.4387504 | J4: {=_xlfn.LET( _xlpm.λX, _xlfn.SWITCH(INDEX($2:$2, COLUMN()), "nC", Addendum!$A$37/1000, "nd", Addendum!$A$46/1000, "ne", Addendum!$A$47/1000, "nF", Addendum!$A$62/1000, "ng", Addendum!$A$69/1000, ), _xlpm.EqName, INDEX($S:$S, ROW()), _xlpm.a_1, INDEX($T:$T, ROW()), _xlpm.a_2, INDEX($U:$U, ROW()), _xlpm.a_3, INDEX($V:$V, ROW()), _xlpm.a_4, INDEX($W:$W, ROW()), _xlpm.a_5, INDEX($X:$X, ROW()), _xlpm.a_6, INDEX($Y:$Y, ROW()), _xlpm.b_1, IF(ISNUMBER(SEARCH("Schott 3/4", _xlpm.EqName)), IFERROR(_xlfn.TEXTAFTER(INDEX($AE:$AE, ROW()), "="), 0), 0), _xlpm.Sellmeier, _xlfn.LAMBDA(_xlpm.λ, _xlpm.a_1*_xlpm.λ^2/(_xlpm.λ^2-_xlpm.a_4) + _xlpm.a_2*_xlpm.λ^2/(_xlpm.λ^2-_xlpm.a_5) + _xlpm.a_3*_xlpm.λ^2/(_xlpm.λ^2-_xlpm.a_6)), _xlpm.Schott, _xlfn.LAMBDA(_xlpm.λ, _xlpm.a_1 + _xlpm.a_2*(_xlpm.λ^2) + _xlpm.b_1*(_xlpm.λ^4) + _xlpm.a_3*(_xlpm.λ^-2) + _xlpm.a_4*(_xlpm.λ^-4) + _xlpm.a_5*(_xlpm.λ^-6) + _xlpm.a_6*(_xlpm.λ^-8)), IF(ISNUMBER(SEARCH("Sellmeier", _xlpm.EqName)), IF(ISNUMBER(SEARCH("Mod", _xlpm.EqName)), SQRT((2*_xlpm.Sellmeier(_xlpm.λX)+1)/(1-_xlpm.Sellmeier(_xlpm.λX))), SQRT(1+_xlpm.Sellmeier(_xlpm.λX)) ), IF(ISNUMBER(SEARCH("Schott", _xlpm.EqName)), SQRT(_xlpm.Schott(_xlpm.λX)), NA() ) ) )} -> 1.4398542 | K4: {=_xlfn.LET( _xlpm.λX, _xlfn.SWITCH(INDEX($2:$2, COLUMN()), "nC", Addendum!$A$37/1000, "nd", Addendum!$A$46/1000, "ne", Addendum!$A$47/1000, "nF", Addendum!$A$62/1000, "ng", Addendum!$A$69/1000, ), _xlpm.EqName, INDEX($S:$S, ROW()), _xlpm.a_1, INDEX($T:$T, ROW()), _xlpm.a_2, INDEX($U:$U, ROW()), _xlpm.a_3, INDEX($V:$V, ROW()), _xlpm.a_4, INDEX($W:$W, ROW()), _xlpm.a_5, INDEX($X:$X, ROW()), _xlpm.a_6, INDEX($Y:$Y, ROW()), _xlpm.b_1, IF(ISNUMBER(SEARCH("Schott 3/4", _xlpm.EqName)), IFERROR(_xlfn.TEXTAFTER(INDEX($AE:$AE, ROW()), "="), 0), 0), _xlpm.Sellmeier, _xlfn.LAMBDA(_xlpm.λ, _xlpm.a_1*_xlpm.λ^2/(_xlpm.λ^2-_xlpm.a_4) + _xlpm.a_2*_xlpm.λ^2/(_xlpm.λ^2-_xlpm.a_5) + _xlpm.a_3*_xlpm.λ^2/(_xlpm.λ^2-_xlpm.a_6)), _xlpm.Schott, _xlfn.LAMBDA(_xlpm.λ, _xlpm.a_1 + _xlpm.a_2*(_xlpm.λ^2) + _xlpm.b_1*(_xlpm.λ^4) + _xlpm.a_3*(_xlpm.λ^-2) + _xlpm.a_4*(_xlpm.λ^-4) + _xlpm.a_5*(_xlpm.λ^-6) + _xlpm.a_6*(_xlpm.λ^-8)), IF(ISNUMBER(SEARCH("Sellmeier", _xlpm.EqName)), IF(ISNUMBER(SEARCH("Mod", _xlpm.EqName)), SQRT((2*_xlpm.Sellmeier(_xlpm.λX)+1)/(1-_xlpm.Sellmeier(_xlpm.λX))), SQRT(1+_xlpm.Sellmeier(_xlpm.λX)) ), IF(ISNUMBER(SEARCH("Schott", _xlpm.EqName)), SQRT(_xlpm.Schott(_xlpm.λX)), NA() ) ) )} -> 1.4419544 | L4: {=_xlfn.LET( _xlpm.λX, _xlfn.SWITCH(INDEX($2:$2, COLUMN()), "nC", Addendum!$A$37/1000, "nd", Addendum!$A$46/1000, "ne", Addendum!$A$47/1000, "nF", Addendum!$A$62/1000, "ng", Addendum!$A$69/1000, ), _xlpm.EqName, INDEX($S:$S, ROW()), _xlpm.a_1, INDEX($T:$T, ROW()), _xlpm.a_2, INDEX($U:$U, ROW()), _xlpm.a_3, INDEX($V:$V, ROW()), _xlpm.a_4, INDEX($W:$W, ROW()), _xlpm.a_5, INDEX($X:$X, ROW()), _xlpm.a_6, INDEX($Y:$Y, ROW()), _xlpm.b_1, IF(ISNUMBER(SEARCH("Schott 3/4", _xlpm.EqName)), IFERROR(_xlfn.TEXTAFTER(INDEX($AE:$AE, ROW()), "="), 0), 0), _xlpm.Sellmeier, _xlfn.LAMBDA(_xlpm.λ, _xlpm.a_1*_xlpm.λ^2/(_xlpm.λ^2-_xlpm.a_4) + _xlpm.a_2*_xlpm.λ^2/(_xlpm.λ^2-_xlpm.a_5) + _xlpm.a_3*_xlpm.λ^2/(_xlpm.λ^2-_xlpm.a_6)), _xlpm.Schott, _xlfn.LAMBDA(_xlpm.λ, _xlpm.a_1 + _xlpm.a_2*(_xlpm.λ^2) + _xlpm.b_1*(_xlpm.λ^4) + _xlpm.a_3*(_xlpm.λ^-2) + _xlpm.a_4*(_xlpm.λ^-4) + _xlpm.a_5*(_xlpm.λ^-6) + _xlpm.a_6*(_xlpm.λ^-8)), IF(ISNUMBER(SEARCH("Sellmeier", _xlpm.EqName)), IF(ISNUMBER(SEARCH("Mod", _xlpm.EqName)), SQRT((2*_xlpm.Sellmeier(_xlpm.λX)+1)/(1-_xlpm.Sellmeier(_xlpm.λX))), SQRT(1+_xlpm.Sellmeier(_xlpm.λX)) ), IF(ISNUMBER(SEARCH("Schott", _xlpm.EqName)), SQRT(_xlpm.Schott(_xlpm.λX)), NA() ) ) )} -> 1.4444235 | M4: =K4-H4 -> 0.0046209971 | N4: =I4-H4 -> 0.0014170795 | O4: =L4-K4 -> 0.0024691924 | P4: =(I4-H4)/M4 -> 0.30666097 | Q4: =(L4-K4)/M4 -> 0.53434191 | R4: 0.0461 | S4: Sellmeier 3 | T4: 0.98353233 | U4: 0.069568814 | V4: 1.1140924 | W4: 0.0049223495 | X4: 0.019358109 | Y4: 264.27529 | Z4: 3.62 | AA4: 428 | AC4: Not Specified | AD4: Recommended
A5: 3 | B5: Ohara | C5: CaF | D5: S-FPL55 | E5: =I5 -> 1.4387496 | F5: =(I5-1)/M5 -> 94.662165 | G5: {=_xlfn.LET( _xlpm.λe, Addendum!$A$47/1000, _xlpm.λF, Addendum!$A$63/1000, _xlpm.λC, Addendum!$A$38/1000, _xlpm.EqName, INDEX($S:$S, ROW()), _xlpm.a_1, INDEX($T:$T, ROW()), _xlpm.a_2, INDEX($U:$U, ROW()), _xlpm.a_3, INDEX($V:$V, ROW()), _xlpm.a_4, INDEX($W:$W, ROW()), _xlpm.a_5, INDEX($X:$X, ROW()), _xlpm.a_6, INDEX($Y:$Y, ROW()), _xlpm.b_1, IF(ISNUMBER(SEARCH("Schott 3/4", _xlpm.EqName)), IFERROR(_xlfn.TEXTAFTER(INDEX($AE:$AE, ROW()), "="), 0), 0), _xlpm.Sellmeier, _xlfn.LAMBDA(_xlpm.λ, _xlpm.a_1*_xlpm.λ^2/(_xlpm.λ^2-_xlpm.a_4) + _xlpm.a_2*_xlpm.λ^2/(_xlpm.λ^2-_xlpm.a_5) + _xlpm.a_3*_xlpm.λ^2/(_xlpm.λ^2-_xlpm.a_6)), _xlpm.Schott, _xlfn.LAMBDA(_xlpm.λ, _xlpm.a_1 + _xlpm.a_2*(_xlpm.λ^2) + _xlpm.b_1*(_xlpm.λ^4) + _xlpm.a_3*(_xlpm.λ^-2) + _xlpm.a_4*(_xlpm.λ^-4) + _xlpm.a_5*(_xlpm.λ^-6) + _xlpm.a_6*(_xlpm.λ^-8)), _xlpm.RefrIndex, _xlfn.LAMBDA(_xlpm.λ, IF(ISNUMBER(SEARCH("Sellmeier", _xlpm.EqName)), IF(ISNUMBER(SEARCH("Mod", _xlpm.EqName)), SQRT((2*_xlpm.Sellmeier(_xlpm.λ)+1)/(1-_xlpm.Sellmeier(_xlpm.λ))), SQRT(1+_xlpm.Sellmeier(_xlpm.λ)) ), IF(ISNUMBER(SEARCH("Schott", _xlpm.EqName)), SQRT(_xlpm.Schott(_xlpm.λ)), NA() ) ) ), _xlpm.ne, _xlpm.RefrIndex(_xlpm.λe), _xlpm.nF, _xlpm.RefrIndex(_xlpm.λF), _xlpm.nC, _xlpm.RefrIndex(_xlpm.λC), (_xlpm.ne - 1)/(_xlpm.nF - _xlpm.nC) )} -> 94.217195 | H5: {=_xlfn.LET( _xlpm.λX, _xlfn.SWITCH(INDEX($2:$2, COLUMN()), "nC", Addendum!$A$37/1000, "nd", Addendum!$A$46/1000, "ne", Addendum!$A$47/1000, "nF", Addendum!$A$62/1000, "ng", Addendum!$A$69/1000, ), _xlpm.EqName, INDEX($S:$S, ROW()), _xlpm.a_1, INDEX($T:$T, ROW()), _xlpm.a_2, INDEX($U:$U, ROW()), _xlpm.a_3, INDEX($V:$V, ROW()), _xlpm.a_4, INDEX($W:$W, ROW()), _xlpm.a_5, INDEX($X:$X, ROW()), _xlpm.a_6, INDEX($Y:$Y, ROW()), _xlpm.b_1, IF(ISNUMBER(SEARCH("Schott 3/4", _xlpm.EqName)), IFERROR(_xlfn.TEXTAFTER(INDEX($AE:$AE, ROW()), "="), 0), 0), _xlpm.Sellmeier, _xlfn.LAMBDA(_xlpm.λ, _xlpm.a_1*_xlpm.λ^2/(_xlpm.λ^2-_xlpm.a_4) + _xlpm.a_2*_xlpm.λ^2/(_xlpm.λ^2-_xlpm.a_5) + _xlpm.a_3*_xlpm.λ^2/(_xlpm.λ^2-_xlpm.a_6)), _xlpm.Schott, _xlfn.LAMBDA(_xlpm.λ, _xlpm.a_1 + _xlpm.a_2*(_xlpm.λ^2) + _xlpm.b_1*(_xlpm.λ^4) + _xlpm.a_3*(_xlpm.λ^-2) + _xlpm.a_4*(_xlpm.λ^-4) + _xlpm.a_5*(_xlpm.λ^-6) + _xlpm.a_6*(_xlpm.λ^-8)), IF(ISNUMBER(SEARCH("Sellmeier", _xlpm.EqName)), IF(ISNUMBER(SEARCH("Mod", _xlpm.EqName)), SQRT((2*_xlpm.Sellmeier(_xlpm.λX)+1)/(1-_xlpm.Sellmeier(_xlpm.λX))), SQRT(1+_xlpm.Sellmeier(_xlpm.λX)) ), IF(ISNUMBER(SEARCH("Schott", _xlpm.EqName)), SQRT(_xlpm.Schott(_xlpm.λX)), NA() ) ) )} -> 1.4373276 | I5: {=_xlfn.LET( _xlpm.λX, _xlfn.SWITCH(INDEX($2:$2, COLUMN()), "nC", Addendum!$A$37/1000, "nd", Addendum!$A$46/1000, "ne", Addendum!$A$47/1000, "nF", Addendum!$A$62/1000, "ng", Addendum!$A$69/1000, ), _xlpm.EqName, INDEX($S:$S, ROW()), _xlpm.a_1, INDEX($T:$T, ROW()), _xlpm.a_2, INDEX($U:$U, ROW()), _xlpm.a_3, INDEX($V:$V, ROW()), _xlpm.a_4, INDEX($W:$W, ROW()), _xlpm.a_5, INDEX($X:$X, ROW()), _xlpm.a_6, INDEX($Y:$Y, ROW()), _xlpm.b_1, IF(ISNUMBER(SEARCH("Schott 3/4", _xlpm.EqName)), IFERROR(_xlfn.TEXTAFTER(INDEX($AE:$AE, ROW()), "="), 0), 0), _xlpm.Sellmeier, _xlfn.LAMBDA(_xlpm.λ, _xlpm.a_1*_xlpm.λ^2/(_xlpm.λ^2-_xlpm.a_4) + _xlpm.a_2*_xlpm.λ^2/(_xlpm.λ^2-_xlpm.a_5) + _xlpm.a_3*_xlpm.λ^2/(_xlpm.λ^2-_xlpm.a_6)), _xlpm.Schott, _xlfn.LAMBDA(_xlpm.λ, _xlpm.a_1 + _xlpm.a_2*(_xlpm.λ^2) + _xlpm.b_1*(_xlpm.λ^4) + _xlpm.a_3*(_xlpm.λ^-2) + _xlpm.a_4*(_xlpm.λ^-4) + _xlpm.a_5*(_xlpm.λ^-6) + _xlpm.a_6*(_xlpm.λ^-8)), IF(ISNUMBER(SEARCH("Sellmeier", _xlpm.EqName)), IF(ISNUMBER(SEARCH("Mod", _xlpm.EqName)), SQRT((2*_xlpm.Sellmeier(_xlpm.λX)+1)/(1-_xlpm.Sellmeier(_xlpm.λX))), SQRT(1+_xlpm.Sellmeier(_xlpm.λX)) ), IF(ISNUMBER(SEARCH("Schott", _xlpm.EqName)), SQRT(_xlpm.Schott(_xlpm.λX)), NA() ) ) )} -> 1.4387496 | J5: {=_xlfn.LET( _xlpm.λX, _xlfn.SWITCH(INDEX($2:$2, COLUMN()), "nC", Addendum!$A$37/1000, "nd", Addendum!$A$46/1000, "ne", Addendum!$A$47/1000, "nF", Addendum!$A$62/1000, "ng", Addendum!$A$69/1000, ), _xlpm.EqName, INDEX($S:$S, ROW()), _xlpm.a_1, INDEX($T:$T, ROW()), _xlpm.a_2, INDEX($U:$U, ROW()), _xlpm.a_3, INDEX($V:$V, ROW()), _xlpm.a_4, INDEX($W:$W, ROW()), _xlpm.a_5, INDEX($X:$X, ROW()), _xlpm.a_6, INDEX($Y:$Y, ROW()), _xlpm.b_1, IF(ISNUMBER(SEARCH("Schott 3/4", _xlpm.EqName)), IFERROR(_xlfn.TEXTAFTER(INDEX($AE:$AE, ROW()), "="), 0), 0), _xlpm.Sellmeier, _xlfn.LAMBDA(_xlpm.λ, _xlpm.a_1*_xlpm.λ^2/(_xlpm.λ^2-_xlpm.a_4) + _xlpm.a_2*_xlpm.λ^2/(_xlpm.λ^2-_xlpm.a_5) + _xlpm.a_3*_xlpm.λ^2/(_xlpm.λ^2-_xlpm.a_6)), _xlpm.Schott, _xlfn.LAMBDA(_xlpm.λ, _xlpm.a_1 + _xlpm.a_2*(_xlpm.λ^2) + _xlpm.b_1*(_xlpm.λ^4) + _xlpm.a_3*(_xlpm.λ^-2) + _xlpm.a_4*(_xlpm.λ^-4) + _xlpm.a_5*(_xlpm.λ^-6) + _xlpm.a_6*(_xlpm.λ^-8)), IF(ISNUMBER(SEARCH("Sellmeier", _xlpm.EqName)), IF(ISNUMBER(SEARCH("Mod", _xlpm.EqName)), SQRT((2*_xlpm.Sellmeier(_xlpm.λX)+1)/(1-_xlpm.Sellmeier(_xlpm.λX))), SQRT(1+_xlpm.Sellmeier(_xlpm.λX)) ), IF(ISNUMBER(SEARCH("Schott", _xlpm.EqName)), SQRT(_xlpm.Schott(_xlpm.λX)), NA() ) ) )} -> 1.4398566 | K5: {=_xlfn.LET( _xlpm.λX, _xlfn.SWITCH(INDEX($2:$2, COLUMN()), "nC", Addendum!$A$37/1000, "nd", Addendum!$A$46/1000, "ne", Addendum!$A$47/1000, "nF", Addendum!$A$62/1000, "ng", Addendum!$A$69/1000, ), _xlpm.EqName, INDEX($S:$S, ROW()), _xlpm.a_1, INDEX($T:$T, ROW()), _xlpm.a_2, INDEX($U:$U, ROW()), _xlpm.a_3, INDEX($V:$V, ROW()), _xlpm.a_4, INDEX($W:$W, ROW()), _xlpm.a_5, INDEX($X:$X, ROW()), _xlpm.a_6, INDEX($Y:$Y, ROW()), _xlpm.b_1, IF(ISNUMBER(SEARCH("Schott 3/4", _xlpm.EqName)), IFERROR(_xlfn.TEXTAFTER(INDEX($AE:$AE, ROW()), "="), 0), 0), _xlpm.Sellmeier, _xlfn.LAMBDA(_xlpm.λ, _xlpm.a_1*_xlpm.λ^2/(_xlpm.λ^2-_xlpm.a_4) + _xlpm.a_2*_xlpm.λ^2/(_xlpm.λ^2-_xlpm.a_5) + _xlpm.a_3*_xlpm.λ^2/(_xlpm.λ^2-_xlpm.a_6)), _xlpm.Schott, _xlfn.LAMBDA(_xlpm.λ, _xlpm.a_1 + _xlpm.a_2*(_xlpm.λ^2) + _xlpm.b_1*(_xlpm.λ^4) + _xlpm.a_3*(_xlpm.λ^-2) + _xlpm.a_4*(_xlpm.λ^-4) + _xlpm.a_5*(_xlpm.λ^-6) + _xlpm.a_6*(_xlpm.λ^-8)), IF(ISNUMBER(SEARCH("Sellmeier", _xlpm.EqName)), IF(ISNUMBER(SEARCH("Mod", _xlpm.EqName)), SQRT((2*_xlpm.Sellmeier(_xlpm.λX)+1)/(1-_xlpm.Sellmeier(_xlpm.λX))), SQRT(1+_xlpm.Sellmeier(_xlpm.λX)) ), IF(ISNUMBER(SEARCH("Schott", _xlpm.EqName)), SQRT(_xlpm.Schott(_xlpm.λX)), NA() ) ) )} -> 1.4419625 | L5: {=_xlfn.LET( _xlpm.λX, _xlfn.SWITCH(INDEX($2:$2, COLUMN()), "nC", Addendum!$A$37/1000, "nd", Addendum!$A$46/1000, "ne", Addendum!$A$47/1000, "nF", Addendum!$A$62/1000, "ng", Addendum!$A$69/1000, ), _xlpm.EqName, INDEX($S:$S, ROW()), _xlpm.a_1, INDEX($T:$T, ROW()), _xlpm.a_2, INDEX($U:$U, ROW()), _xlpm.a_3, INDEX($V:$V, ROW()), _xlpm.a_4, INDEX($W:$W, ROW()), _xlpm.a_5, INDEX($X:$X, ROW()), _xlpm.a_6, INDEX($Y:$Y, ROW()), _xlpm.b_1, IF(ISNUMBER(SEARCH("Schott 3/4", _xlpm.EqName)), IFERROR(_xlfn.TEXTAFTER(INDEX($AE:$AE, ROW()), "="), 0), 0), _xlpm.Sellmeier, _xlfn.LAMBDA(_xlpm.λ, _xlpm.a_1*_xlpm.λ^2/(_xlpm.λ^2-_xlpm.a_4) + _xlpm.a_2*_xlpm.λ^2/(_xlpm.λ^2-_xlpm.a_5) + _xlpm.a_3*_xlpm.λ^2/(_xlpm.λ^2-_xlpm.a_6)), _xlpm.Schott, _xlfn.LAMBDA(_xlpm.λ, _xlpm.a_1 + _xlpm.a_2*(_xlpm.λ^2) + _xlpm.b_1*(_xlpm.λ^4) + _xlpm.a_3*(_xlpm.λ^-2) + _xlpm.a_4*(_xlpm.λ^-4) + _xlpm.a_5*(_xlpm.λ^-6) + _xlpm.a_6*(_xlpm.λ^-8)), IF(ISNUMBER(SEARCH("Sellmeier", _xlpm.EqName)), IF(ISNUMBER(SEARCH("Mod", _xlpm.EqName)), SQRT((2*_xlpm.Sellmeier(_xlpm.λX)+1)/(1-_xlpm.Sellmeier(_xlpm.λX))), SQRT(1+_xlpm.Sellmeier(_xlpm.λX)) ), IF(ISNUMBER(SEARCH("Schott", _xlpm.EqName)), SQRT(_xlpm.Schott(_xlpm.λX)), NA() ) ) )} -> 1.4444377 | M5: =K5-H5 -> 0.0046348988 | N5: =I5-H5 -> 0.0014219863 | O5: =L5-K5 -> 0.0024752031 | P5: =(I5-H5)/M5 -> 0.30679986 | Q5: =(L5-K5)/M5 -> 0.53403607 | R5: 0.0457 | S5: Sellmeier 3 | T5: 0.83906768 | U5: 0.2140835 | V5: 1.4791468 | W5: 0.0079528664 | X5: -0.0023258172 | Y5: 340.0437 | Z5: 3.59 | AA5: 439 | AC5: Not Specified | AD5: Recommended
A6: 4 | B6: Ohara | C6: CaF | D6: S-FPM 2 | E6: =I6 -> 1.5952196 | F6: =(I6-1)/M6 -> 67.736526 | G6: {=_xlfn.LET( _xlpm.λe, Addendum!$A$47/1000, _xlpm.λF, Addendum!$A$63/1000, _xlpm.λC, Addendum!$A$38/1000, _xlpm.EqName, INDEX($S:$S, ROW()), _xlpm.a_1, INDEX($T:$T, ROW()), _xlpm.a_2, INDEX($U:$U, ROW()), _xlpm.a_3, INDEX($V:$V, ROW()), _xlpm.a_4, INDEX($W:$W, ROW()), _xlpm.a_5, INDEX($X:$X, ROW()), _xlpm.a_6, INDEX($Y:$Y, ROW()), _xlpm.b_1, IF(ISNUMBER(SEARCH("Schott 3/4", _xlpm.EqName)), IFERROR(_xlfn.TEXTAFTER(INDEX($AE:$AE, ROW()), "="), 0), 0), _xlpm.Sellmeier, _xlfn.LAMBDA(_xlpm.λ, _xlpm.a_1*_xlpm.λ^2/(_xlpm.λ^2-_xlpm.a_4) + _xlpm.a_2*_xlpm.λ^2/(_xlpm.λ^2-_xlpm.a_5) + _xlpm.a_3*_xlpm.λ^2/(_xlpm.λ^2-_xlpm.a_6)), _xlpm.Schott, _xlfn.LAMBDA(_xlpm.λ, _xlpm.a_1 + _xlpm.a_2*(_xlpm.λ^2) + _xlpm.b_1*(_xlpm.λ^4) + _xlpm.a_3*(_xlpm.λ^-2) + _xlpm.a_4*(_xlpm.λ^-4) + _xlpm.a_5*(_xlpm.λ^-6) + _xlpm.a_6*(_xlpm.λ^-8)), _xlpm.RefrIndex, _xlfn.LAMBDA(_xlpm.λ, IF(ISNUMBER(SEARCH("Sellmeier", _xlpm.EqName)), IF(ISNUMBER(SEARCH("Mod", _xlpm.EqName)), SQRT((2*_xlpm.Sellmeier(_xlpm.λ)+1)/(1-_xlpm.Sellmeier(_xlpm.λ))), SQRT(1+_xlpm.Sellmeier(_xlpm.λ)) ), IF(ISNUMBER(SEARCH("Schott", _xlpm.EqName)), SQRT(_xlpm.Schott(_xlpm.λ)), NA() ) ) ), _xlpm.ne, _xlpm.RefrIndex(_xlpm.λe), _xlpm.nF, _xlpm.RefrIndex(_xlpm.λF), _xlpm.nC, _xlpm.RefrIndex(_xlpm.λC), (_xlpm.ne - 1)/(_xlpm.nF - _xlpm.nC) )} -> 67.374295 | H6: {=_xlfn.LET( _xlpm.λX, _xlfn.SWITCH(INDEX($2:$2, COLUMN()), "nC", Addendum!$A$37/1000, "nd", Addendum!$A$46/1000, "ne", Addendum!$A$47/1000, "nF", Addendum!$A$62/1000, "ng", Addendum!$A$69/1000, ), _xlpm.EqName, INDEX($S:$S, ROW()), _xlpm.a_1, INDEX($T:$T, ROW()), _xlpm.a_2, INDEX($U:$U, ROW()), _xlpm.a_3, INDEX($V:$V, ROW()), _xlpm.a_4, INDEX($W:$W, ROW()), _xlpm.a_5, INDEX($X:$X, ROW()), _xlpm.a_6, INDEX($Y:$Y, ROW()), _xlpm.b_1, IF(ISNUMBER(SEARCH("Schott 3/4", _xlpm.EqName)), IFERROR(_xlfn.TEXTAFTER(INDEX($AE:$AE, ROW()), "="), 0), 0), _xlpm.Sellmeier, _xlfn.LAMBDA(_xlpm.λ, _xlpm.a_1*_xlpm.λ^2/(_xlpm.λ^2-_xlpm.a_4) + _xlpm.a_2*_xlpm.λ^2/(_xlpm.λ^2-_xlpm.a_5) + _xlpm.a_3*_xlpm.λ^2/(_xlpm.λ^2-_xlpm.a_6)), _xlpm.Schott, _xlfn.LAMBDA(_xlpm.λ, _xlpm.a_1 + _xlpm.a_2*(_xlpm.λ^2) + _xlpm.b_1*(_xlpm.λ^4) + _xlpm.a_3*(_xlpm.λ^-2) + _xlpm.a_4*(_xlpm.λ^-4) + _xlpm.a_5*(_xlpm.λ^-6) + _xlpm.a_6*(_xlpm.λ^-8)), IF(ISNUMBER(SEARCH("Sellmeier", _xlpm.EqName)), IF(ISNUMBER(SEARCH("Mod", _xlpm.EqName)), SQRT((2*_xlpm.Sellmeier(_xlpm.λX)+1)/(1-_xlpm.Sellmeier(_xlpm.λX))), SQRT(1+_xlpm.Sellmeier(_xlpm.λX)) ), IF(ISNUMBER(SEARCH("Schott", _xlpm.EqName)), SQRT(_xlpm.Schott(_xlpm.λX)), NA() ) ) )} -> 1.5925546 | I6: {=_xlfn.LET( _xlpm.λX, _xlfn.SWITCH(INDEX($2:$2, COLUMN()), "nC", Addendum!$A$37/1000, "nd", Addendum!$A$46/1000, "ne", Addendum!$A$47/1000, "nF", Addendum!$A$62/1000, "ng", Addendum!$A$69/1000, ), _xlpm.EqName, INDEX($S:$S, ROW()), _xlpm.a_1, INDEX($T:$T, ROW()), _xlpm.a_2, INDEX($U:$U, ROW()), _xlpm.a_3, INDEX($V:$V, ROW()), _xlpm.a_4, INDEX($W:$W, ROW()), _xlpm.a_5, INDEX($X:$X, ROW()), _xlpm.a_6, INDEX($Y:$Y, ROW()), _xlpm.b_1, IF(ISNUMBER(SEARCH("Schott 3/4", _xlpm.EqName)), IFERROR(_xlfn.TEXTAFTER(INDEX($AE:$AE, ROW()), "="), 0), 0), _xlpm.Sellmeier, _xlfn.LAMBDA(_xlpm.λ, _xlpm.a_1*_xlpm.λ^2/(_xlpm.λ^2-_xlpm.a_4) + _xlpm.a_2*_xlpm.λ^2/(_xlpm.λ^2-_xlpm.a_5) + _xlpm.a_3*_xlpm.λ^2/(_xlpm.λ^2-_xlpm.a_6)), _xlpm.Schott, _xlfn.LAMBDA(_xlpm.λ, _xlpm.a_1 + _xlpm.a_2*(_xlpm.λ^2) + _xlpm.b_1*(_xlpm.λ^4) + _xlpm.a_3*(_xlpm.λ^-2) + _xlpm.a_4*(_xlpm.λ^-4) + _xlpm.a_5*(_xlpm.λ^-6) + _xlpm.a_6*(_xlpm.λ^-8)), IF(ISNUMBER(SEARCH("Sellmeier", _xlpm.EqName)), IF(ISNUMBER(SEARCH("Mod", _xlpm.EqName)), SQRT((2*_xlpm.Sellmeier(_xlpm.λX)+1)/(1-_xlpm.Sellmeier(_xlpm.λX))), SQRT(1+_xlpm.Sellmeier(_xlpm.λX)) ), IF(ISNUMBER(SEARCH("Schott", _xlpm.EqName)), SQRT(_xlpm.Schott(_xlpm.λX)), NA() ) ) )} -> 1.5952196 | J6: {=_xlfn.LET( _xlpm.λX, _xlfn.SWITCH(INDEX($2:$2, COLUMN()), "nC", Addendum!$A$37/1000, "nd", Addendum!$A$46/1000, "ne", Addendum!$A$47/1000, "nF", Addendum!$A$62/1000, "ng", Addendum!$A$69/1000, ), _xlpm.EqName, INDEX($S:$S, ROW()), _xlpm.a_1, INDEX($T:$T, ROW()), _xlpm.a_2, INDEX($U:$U, ROW()), _xlpm.a_3, INDEX($V:$V, ROW()), _xlpm.a_4, INDEX($W:$W, ROW()), _xlpm.a_5, INDEX($X:$X, ROW()), _xlpm.a_6, INDEX($Y:$Y, ROW()), _xlpm.b_1, IF(ISNUMBER(SEARCH("Schott 3/4", _xlpm.EqName)), IFERROR(_xlfn.TEXTAFTER(INDEX($AE:$AE, ROW()), "="), 0), 0), _xlpm.Sellmeier, _xlfn.LAMBDA(_xlpm.λ, _xlpm.a_1*_xlpm.λ^2/(_xlpm.λ^2-_xlpm.a_4) + _xlpm.a_2*_xlpm.λ^2/(_xlpm.λ^2-_xlpm.a_5) + _xlpm.a_3*_xlpm.λ^2/(_xlpm.λ^2-_xlpm.a_6)), _xlpm.Schott, _xlfn.LAMBDA(_xlpm.λ, _xlpm.a_1 + _xlpm.a_2*(_xlpm.λ^2) + _xlpm.b_1*(_xlpm.λ^4) + _xlpm.a_3*(_xlpm.λ^-2) + _xlpm.a_4*(_xlpm.λ^-4) + _xlpm.a_5*(_xlpm.λ^-6) + _xlpm.a_6*(_xlpm.λ^-8)), IF(ISNUMBER(SEARCH("Sellmeier", _xlpm.EqName)), IF(ISNUMBER(SEARCH("Mod", _xlpm.EqName)), SQRT((2*_xlpm.Sellmeier(_xlpm.λX)+1)/(1-_xlpm.Sellmeier(_xlpm.λX))), SQRT(1+_xlpm.Sellmeier(_xlpm.λX)) ), IF(ISNUMBER(SEARCH("Schott", _xlpm.EqName)), SQRT(_xlpm.Schott(_xlpm.λX)), NA() ) ) )} -> 1.597316 | K6: {=_xlfn.LET( _xlpm.λX, _xlfn.SWITCH(INDEX($2:$2, COLUMN()), "nC", Addendum!$A$37/1000, "nd", Addendum!$A$46/1000, "ne", Addendum!$A$47/1000, "nF", Addendum!$A$62/1000, "ng", Addendum!$A$69/1000, ), _xlpm.EqName, INDEX($S:$S, ROW()), _xlpm.a_1, INDEX($T:$T, ROW()), _xlpm.a_2, INDEX($U:$U, ROW()), _xlpm.a_3, INDEX($V:$V, ROW()), _xlpm.a_4, INDEX($W:$W, ROW()), _xlpm.a_5, INDEX($X:$X, ROW()), _xlpm.a_6, INDEX($Y:$Y, ROW()), _xlpm.b_1, IF(ISNUMBER(SEARCH("Schott 3/4", _xlpm.EqName)), IFERROR(_xlfn.TEXTAFTER(INDEX($AE:$AE, ROW()), "="), 0), 0), _xlpm.Sellmeier, _xlfn.LAMBDA(_xlpm.λ, _xlpm.a_1*_xlpm.λ^2/(_xlpm.λ^2-_xlpm.a_4) + _xlpm.a_2*_xlpm.λ^2/(_xlpm.λ^2-_xlpm.a_5) + _xlpm.a_3*_xlpm.λ^2/(_xlpm.λ^2-_xlpm.a_6)), _xlpm.Schott, _xlfn.LAMBDA(_xlpm.λ, _xlpm.a_1 + _xlpm.a_2*(_xlpm.λ^2) + _xlpm.b_1*(_xlpm.λ^4) + _xlpm.a_3*(_xlpm.λ^-2) + _xlpm.a_4*(_xlpm.λ^-4) + _xlpm.a_5*(_xlpm.λ^-6) + _xlpm.a_6*(_xlpm.λ^-8)), IF(ISNUMBER(SEARCH("Sellmeier", _xlpm.EqName)), IF(ISNUMBER(SEARCH("Mod", _xlpm.EqName)), SQRT((2*_xlpm.Sellmeier(_xlpm.λX)+1)/(1-_xlpm.Sellmeier(_xlpm.λX))), SQRT(1+_xlpm.Sellmeier(_xlpm.λX)) ), IF(ISNUMBER(SEARCH("Schott", _xlpm.EqName)), SQRT(_xlpm.Schott(_xlpm.λX)), NA() ) ) )} -> 1.6013419 | L6: {=_xlfn.LET( _xlpm.λX, _xlfn.SWITCH(INDEX($2:$2, COLUMN()), "nC", Addendum!$A$37/1000, "nd", Addendum!$A$46/1000, "ne", Addendum!$A$47/1000, "nF", Addendum!$A$62/1000, "ng", Addendum!$A$69/1000, ), _xlpm.EqName, INDEX($S:$S, ROW()), _xlpm.a_1, INDEX($T:$T, ROW()), _xlpm.a_2, INDEX($U:$U, ROW()), _xlpm.a_3, INDEX($V:$V, ROW()), _xlpm.a_4, INDEX($W:$W, ROW()), _xlpm.a_5, INDEX($X:$X, ROW()), _xlpm.a_6, INDEX($Y:$Y, ROW()), _xlpm.b_1, IF(ISNUMBER(SEARCH("Schott 3/4", _xlpm.EqName)), IFERROR(_xlfn.TEXTAFTER(INDEX($AE:$AE, ROW()), "="), 0), 0), _xlpm.Sellmeier, _xlfn.LAMBDA(_xlpm.λ, _xlpm.a_1*_xlpm.λ^2/(_xlpm.λ^2-_xlpm.a_4) + _xlpm.a_2*_xlpm.λ^2/(_xlpm.λ^2-_xlpm.a_5) + _xlpm.a_3*_xlpm.λ^2/(_xlpm.λ^2-_xlpm.a_6)), _xlpm.Schott, _xlfn.LAMBDA(_xlpm.λ, _xlpm.a_1 + _xlpm.a_2*(_xlpm.λ^2) + _xlpm.b_1*(_xlpm.λ^4) + _xlpm.a_3*(_xlpm.λ^-2) + _xlpm.a_4*(_xlpm.λ^-4) + _xlpm.a_5*(_xlpm.λ^-6) + _xlpm.a_6*(_xlpm.λ^-8)), IF(ISNUMBER(SEARCH("Sellmeier", _xlpm.EqName)), IF(ISNUMBER(SEARCH("Mod", _xlpm.EqName)), SQRT((2*_xlpm.Sellmeier(_xlpm.λX)+1)/(1-_xlpm.Sellmeier(_xlpm.λX))), SQRT(1+_xlpm.Sellmeier(_xlpm.λX)) ), IF(ISNUMBER(SEARCH("Schott", _xlpm.EqName)), SQRT(_xlpm.Schott(_xlpm.λX)), NA() ) ) )} -> 1.6061246 | M6: =K6-H6 -> 0.0087872766 | N6: =I6-H6 -> 0.0026649434 | O6: =L6-K6 -> 0.0047826812 | P6: =(I6-H6)/M6 -> 0.30327296 | Q6: =(L6-K6)/M6 -> 0.54427343 | R6: 0.0123 | S6: Sellmeier 3 | T6: 0.76124278 | U6: 0.74703337 | V6: 0.93892895 | W6: 0.0032117409 | X6: 0.014023442 | Y6: 139.52353 | Z6: 4.17 | AA6: 569 | AC6: Not Specified | AD6: Recommended
A7: 5 | B7: Ohara | C7: CaF | D7: S-FPM 3 | E7: =I7 -> 1.5377504 | F7: =(I7-1)/M7 -> 74.703998 | G7: {=_xlfn.LET( _xlpm.λe, Addendum!$A$47/1000, _xlpm.λF, Addendum!$A$63/1000, _xlpm.λC, Addendum!$A$38/1000, _xlpm.EqName, INDEX($S:$S, ROW()), _xlpm.a_1, INDEX($T:$T, ROW()), _xlpm.a_2, INDEX($U:$U, ROW()), _xlpm.a_3, INDEX($V:$V, ROW()), _xlpm.a_4, INDEX($W:$W, ROW()), _xlpm.a_5, INDEX($X:$X, ROW()), _xlpm.a_6, INDEX($Y:$Y, ROW()), _xlpm.b_1, IF(ISNUMBER(SEARCH("Schott 3/4", _xlpm.EqName)), IFERROR(_xlfn.TEXTAFTER(INDEX($AE:$AE, ROW()), "="), 0), 0), _xlpm.Sellmeier, _xlfn.LAMBDA(_xlpm.λ, _xlpm.a_1*_xlpm.λ^2/(_xlpm.λ^2-_xlpm.a_4) + _xlpm.a_2*_xlpm.λ^2/(_xlpm.λ^2-_xlpm.a_5) + _xlpm.a_3*_xlpm.λ^2/(_xlpm.λ^2-_xlpm.a_6)), _xlpm.Schott, _xlfn.LAMBDA(_xlpm.λ, _xlpm.a_1 + _xlpm.a_2*(_xlpm.λ^2) + _xlpm.b_1*(_xlpm.λ^4) + _xlpm.a_3*(_xlpm.λ^-2) + _xlpm.a_4*(_xlpm.λ^-4) + _xlpm.a_5*(_xlpm.λ^-6) + _xlpm.a_6*(_xlpm.λ^-8)), _xlpm.RefrIndex, _xlfn.LAMBDA(_xlpm.λ, IF(ISNUMBER(SEARCH("Sellmeier", _xlpm.EqName)), IF(ISNUMBER(SEARCH("Mod", _xlpm.EqName)), SQRT((2*_xlpm.Sellmeier(_xlpm.λ)+1)/(1-_xlpm.Sellmeier(_xlpm.λ))), SQRT(1+_xlpm.Sellmeier(_xlpm.λ)) ), IF(ISNUMBER(SEARCH("Schott", _xlpm.EqName)), SQRT(_xlpm.Schott(_xlpm.λ)), NA() ) ) ), _xlpm.ne, _xlpm.RefrIndex(_xlpm.λe), _xlpm.nF, _xlpm.RefrIndex(_xlpm.λF), _xlpm.nC, _xlpm.RefrIndex(_xlpm.λC), (_xlpm.ne - 1)/(_xlpm.nF - _xlpm.nC) )} -> 74.342047 | H7: {=_xlfn.LET( _xlpm.λX, _xlfn.SWITCH(INDEX($2:$2, COLUMN()), "nC", Addendum!$A$37/1000, "nd", Addendum!$A$46/1000, "ne", Addendum!$A$47/1000, "nF", Addendum!$A$62/1000, "ng", Addendum!$A$69/1000, ), _xlpm.EqName, INDEX($S:$S, ROW()), _xlpm.a_1, INDEX($T:$T, ROW()), _xlpm.a_2, INDEX($U:$U, ROW()), _xlpm.a_3, INDEX($V:$V, ROW()), _xlpm.a_4, INDEX($W:$W, ROW()), _xlpm.a_5, INDEX($X:$X, ROW()), _xlpm.a_6, INDEX($Y:$Y, ROW()), _xlpm.b_1, IF(ISNUMBER(SEARCH("Schott 3/4", _xlpm.EqName)), IFERROR(_xlfn.TEXTAFTER(INDEX($AE:$AE, ROW()), "="), 0), 0), _xlpm.Sellmeier, _xlfn.LAMBDA(_xlpm.λ, _xlpm.a_1*_xlpm.λ^2/(_xlpm.λ^2-_xlpm.a_4) + _xlpm.a_2*_xlpm.λ^2/(_xlpm.λ^2-_xlpm.a_5) + _xlpm.a_3*_xlpm.λ^2/(_xlpm.λ^2-_xlpm.a_6)), _xlpm.Schott, _xlfn.LAMBDA(_xlpm.λ, _xlpm.a_1 + _xlpm.a_2*(_xlpm.λ^2) + _xlpm.b_1*(_xlpm.λ^4) + _xlpm.a_3*(_xlpm.λ^-2) + _xlpm.a_4*(_xlpm.λ^-4) + _xlpm.a_5*(_xlpm.λ^-6) + _xlpm.a_6*(_xlpm.λ^-8)), IF(ISNUMBER(SEARCH("Sellmeier", _xlpm.EqName)), IF(ISNUMBER(SEARCH("Mod", _xlpm.EqName)), SQRT((2*_xlpm.Sellmeier(_xlpm.λX)+1)/(1-_xlpm.Sellmeier(_xlpm.λX))), SQRT(1+_xlpm.Sellmeier(_xlpm.λX)) ), IF(ISNUMBER(SEARCH("Schott", _xlpm.EqName)), SQRT(_xlpm.Schott(_xlpm.λX)), NA() ) ) )} -> 1.5355543 | I7: {=_xlfn.LET( _xlpm.λX, _xlfn.SWITCH(INDEX($2:$2, COLUMN()), "nC", Addendum!$A$37/1000, "nd", Addendum!$A$46/1000, "ne", Addendum!$A$47/1000, "nF", Addendum!$A$62/1000, "ng", Addendum!$A$69/1000, ), _xlpm.EqName, INDEX($S:$S, ROW()), _xlpm.a_1, INDEX($T:$T, ROW()), _xlpm.a_2, INDEX($U:$U, ROW()), _xlpm.a_3, INDEX($V:$V, ROW()), _xlpm.a_4, INDEX($W:$W, ROW()), _xlpm.a_5, INDEX($X:$X, ROW()), _xlpm.a_6, INDEX($Y:$Y, ROW()), _xlpm.b_1, IF(ISNUMBER(SEARCH("Schott 3/4", _xlpm.EqName)), IFERROR(_xlfn.TEXTAFTER(INDEX($AE:$AE, ROW()), "="), 0), 0), _xlpm.Sellmeier, _xlfn.LAMBDA(_xlpm.λ, _xlpm.a_1*_xlpm.λ^2/(_xlpm.λ^2-_xlpm.a_4) + _xlpm.a_2*_xlpm.λ^2/(_xlpm.λ^2-_xlpm.a_5) + _xlpm.a_3*_xlpm.λ^2/(_xlpm.λ^2-_xlpm.a_6)), _xlpm.Schott, _xlfn.LAMBDA(_xlpm.λ, _xlpm.a_1 + _xlpm.a_2*(_xlpm.λ^2) + _xlpm.b_1*(_xlpm.λ^4) + _xlpm.a_3*(_xlpm.λ^-2) + _xlpm.a_4*(_xlpm.λ^-4) + _xlpm.a_5*(_xlpm.λ^-6) + _xlpm.a_6*(_xlpm.λ^-8)), IF(ISNUMBER(SEARCH("Sellmeier", _xlpm.EqName)), IF(ISNUMBER(SEARCH("Mod", _xlpm.EqName)), SQRT((2*_xlpm.Sellmeier(_xlpm.λX)+1)/(1-_xlpm.Sellmeier(_xlpm.λX))), SQRT(1+_xlpm.Sellmeier(_xlpm.λX)) ), IF(ISNUMBER(SEARCH("Schott", _xlpm.EqName)), SQRT(_xlpm.Schott(_xlpm.λX)), NA() ) ) )} -> 1.5377504 | J7: {=_xlfn.LET( _xlpm.λX, _xlfn.SWITCH(INDEX($2:$2, COLUMN()), "nC", Addendum!$A$37/1000, "nd", Addendum!$A$46/1000, "ne", Addendum!$A$47/1000, "nF", Addendum!$A$62/1000, "ng", Addendum!$A$69/1000, ), _xlpm.EqName, INDEX($S:$S, ROW()), _xlpm.a_1, INDEX($T:$T, ROW()), _xlpm.a_2, INDEX($U:$U, ROW()), _xlpm.a_3, INDEX($V:$V, ROW()), _xlpm.a_4, INDEX($W:$W, ROW()), _xlpm.a_5, INDEX($X:$X, ROW()), _xlpm.a_6, INDEX($Y:$Y, ROW()), _xlpm.b_1, IF(ISNUMBER(SEARCH("Schott 3/4", _xlpm.EqName)), IFERROR(_xlfn.TEXTAFTER(INDEX($AE:$AE, ROW()), "="), 0), 0), _xlpm.Sellmeier, _xlfn.LAMBDA(_xlpm.λ, _xlpm.a_1*_xlpm.λ^2/(_xlpm.λ^2-_xlpm.a_4) + _xlpm.a_2*_xlpm.λ^2/(_xlpm.λ^2-_xlpm.a_5) + _xlpm.a_3*_xlpm.λ^2/(_xlpm.λ^2-_xlpm.a_6)), _xlpm.Schott, _xlfn.LAMBDA(_xlpm.λ, _xlpm.a_1 + _xlpm.a_2*(_xlpm.λ^2) + _xlpm.b_1*(_xlpm.λ^4) + _xlpm.a_3*(_xlpm.λ^-2) + _xlpm.a_4*(_xlpm.λ^-4) + _xlpm.a_5*(_xlpm.λ^-6) + _xlpm.a_6*(_xlpm.λ^-8)), IF(ISNUMBER(SEARCH("Sellmeier", _xlpm.EqName)), IF(ISNUMBER(SEARCH("Mod", _xlpm.EqName)), SQRT((2*_xlpm.Sellmeier(_xlpm.λX)+1)/(1-_xlpm.Sellmeier(_xlpm.λX))), SQRT(1+_xlpm.Sellmeier(_xlpm.λX)) ), IF(ISNUMBER(SEARCH("Schott", _xlpm.EqName)), SQRT(_xlpm.Schott(_xlpm.λX)), NA() ) ) )} -> 1.5394685 | K7: {=_xlfn.LET( _xlpm.λX, _xlfn.SWITCH(INDEX($2:$2, COLUMN()), "nC", Addendum!$A$37/1000, "nd", Addendum!$A$46/1000, "ne", Addendum!$A$47/1000, "nF", Addendum!$A$62/1000, "ng", Addendum!$A$69/1000, ), _xlpm.EqName, INDEX($S:$S, ROW()), _xlpm.a_1, INDEX($T:$T, ROW()), _xlpm.a_2, INDEX($U:$U, ROW()), _xlpm.a_3, INDEX($V:$V, ROW()), _xlpm.a_4, INDEX($W:$W, ROW()), _xlpm.a_5, INDEX($X:$X, ROW()), _xlpm.a_6, INDEX($Y:$Y, ROW()), _xlpm.b_1, IF(ISNUMBER(SEARCH("Schott 3/4", _xlpm.EqName)), IFERROR(_xlfn.TEXTAFTER(INDEX($AE:$AE, ROW()), "="), 0), 0), _xlpm.Sellmeier, _xlfn.LAMBDA(_xlpm.λ, _xlpm.a_1*_xlpm.λ^2/(_xlpm.λ^2-_xlpm.a_4) + _xlpm.a_2*_xlpm.λ^2/(_xlpm.λ^2-_xlpm.a_5) + _xlpm.a_3*_xlpm.λ^2/(_xlpm.λ^2-_xlpm.a_6)), _xlpm.Schott, _xlfn.LAMBDA(_xlpm.λ, _xlpm.a_1 + _xlpm.a_2*(_xlpm.λ^2) + _xlpm.b_1*(_xlpm.λ^4) + _xlpm.a_3*(_xlpm.λ^-2) + _xlpm.a_4*(_xlpm.λ^-4) + _xlpm.a_5*(_xlpm.λ^-6) + _xlpm.a_6*(_xlpm.λ^-8)), IF(ISNUMBER(SEARCH("Sellmeier", _xlpm.EqName)), IF(ISNUMBER(SEARCH("Mod", _xlpm.EqName)), SQRT((2*_xlpm.Sellmeier(_xlpm.λX)+1)/(1-_xlpm.Sellmeier(_xlpm.λX))), SQRT(1+_xlpm.Sellmeier(_xlpm.λX)) ), IF(ISNUMBER(SEARCH("Schott", _xlpm.EqName)), SQRT(_xlpm.Schott(_xlpm.λX)), NA() ) ) )} -> 1.5427527 | L7: {=_xlfn.LET( _xlpm.λX, _xlfn.SWITCH(INDEX($2:$2, COLUMN()), "nC", Addendum!$A$37/1000, "nd", Addendum!$A$46/1000, "ne", Addendum!$A$47/1000, "nF", Addendum!$A$62/1000, "ng", Addendum!$A$69/1000, ), _xlpm.EqName, INDEX($S:$S, ROW()), _xlpm.a_1, INDEX($T:$T, ROW()), _xlpm.a_2, INDEX($U:$U, ROW()), _xlpm.a_3, INDEX($V:$V, ROW()), _xlpm.a_4, INDEX($W:$W, ROW()), _xlpm.a_5, INDEX($X:$X, ROW()), _xlpm.a_6, INDEX($Y:$Y, ROW()), _xlpm.b_1, IF(ISNUMBER(SEARCH("Schott 3/4", _xlpm.EqName)), IFERROR(_xlfn.TEXTAFTER(INDEX($AE:$AE, ROW()), "="), 0), 0), _xlpm.Sellmeier, _xlfn.LAMBDA(_xlpm.λ, _xlpm.a_1*_xlpm.λ^2/(_xlpm.λ^2-_xlpm.a_4) + _xlpm.a_2*_xlpm.λ^2/(_xlpm.λ^2-_xlpm.a_5) + _xlpm.a_3*_xlpm.λ^2/(_xlpm.λ^2-_xlpm.a_6)), _xlpm.Schott, _xlfn.LAMBDA(_xlpm.λ, _xlpm.a_1 + _xlpm.a_2*(_xlpm.λ^2) + _xlpm.b_1*(_xlpm.λ^4) + _xlpm.a_3*(_xlpm.λ^-2) + _xlpm.a_4*(_xlpm.λ^-4) + _xlpm.a_5*(_xlpm.λ^-6) + _xlpm.a_6*(_xlpm.λ^-8)), IF(ISNUMBER(SEARCH("Sellmeier", _xlpm.EqName)), IF(ISNUMBER(SEARCH("Mod", _xlpm.EqName)), SQRT((2*_xlpm.Sellmeier(_xlpm.λX)+1)/(1-_xlpm.Sellmeier(_xlpm.λX))), SQRT(1+_xlpm.Sellmeier(_xlpm.λX)) ), IF(ISNUMBER(SEARCH("Schott", _xlpm.EqName)), SQRT(_xlpm.Schott(_xlpm.λX)), NA() ) ) )} -> 1.5466354 | M7: =K7-H7 -> 0.0071984147 | N7: =I7-H7 -> 0.0021960562 | O7: =L7-K7 -> 0.0038826389 | P7: =(I7-H7)/M7 -> 0.30507498 | Q7: =(L7-K7)/M7 -> 0.53937416 | R7: 0.0186 | S7: Sellmeier 3 | T7: 0.80940729 | U7: 0.52700703 | V7: 0.9091277 | W7: 0.0037607239 | X7: 0.013565489 | Y7: 142.50361 | Z7: 3.64 | AA7: 505 | AC7: Not Specified | AD7: Recommended
A8: 6 | B8: Ohara | C8: CaF | D8: S-FPM 4 | E8: =I8 -> 1.5284102 | F8: =(I8-1)/M8 -> 76.453724 | G8: {=_xlfn.LET( _xlpm.λe, Addendum!$A$47/1000, _xlpm.λF, Addendum!$A$63/1000, _xlpm.λC, Addendum!$A$38/1000, _xlpm.EqName, INDEX($S:$S, ROW()), _xlpm.a_1, INDEX($T:$T, ROW()), _xlpm.a_2, INDEX($U:$U, ROW()), _xlpm.a_3, INDEX($V:$V, ROW()), _xlpm.a_4, INDEX($W:$W, ROW()), _xlpm.a_5, INDEX($X:$X, ROW()), _xlpm.a_6, INDEX($Y:$Y, ROW()), _xlpm.b_1, IF(ISNUMBER(SEARCH("Schott 3/4", _xlpm.EqName)), IFERROR(_xlfn.TEXTAFTER(INDEX($AE:$AE, ROW()), "="), 0), 0), _xlpm.Sellmeier, _xlfn.LAMBDA(_xlpm.λ, _xlpm.a_1*_xlpm.λ^2/(_xlpm.λ^2-_xlpm.a_4) + _xlpm.a_2*_xlpm.λ^2/(_xlpm.λ^2-_xlpm.a_5) + _xlpm.a_3*_xlpm.λ^2/(_xlpm.λ^2-_xlpm.a_6)), _xlpm.Schott, _xlfn.LAMBDA(_xlpm.λ, _xlpm.a_1 + _xlpm.a_2*(_xlpm.λ^2) + _xlpm.b_1*(_xlpm.λ^4) + _xlpm.a_3*(_xlpm.λ^-2) + _xlpm.a_4*(_xlpm.λ^-4) + _xlpm.a_5*(_xlpm.λ^-6) + _xlpm.a_6*(_xlpm.λ^-8)), _xlpm.RefrIndex, _xlfn.LAMBDA(_xlpm.λ, IF(ISNUMBER(SEARCH("Sellmeier", _xlpm.EqName)), IF(ISNUMBER(SEARCH("Mod", _xlpm.EqName)), SQRT((2*_xlpm.Sellmeier(_xlpm.λ)+1)/(1-_xlpm.Sellmeier(_xlpm.λ))), SQRT(1+_xlpm.Sellmeier(_xlpm.λ)) ), IF(ISNUMBER(SEARCH("Schott", _xlpm.EqName)), SQRT(_xlpm.Schott(_xlpm.λ)), NA() ) ) ), _xlpm.ne, _xlpm.RefrIndex(_xlpm.λe), _xlpm.nF, _xlpm.RefrIndex(_xlpm.λF), _xlpm.nC, _xlpm.RefrIndex(_xlpm.λC), (_xlpm.ne - 1)/(_xlpm.nF - _xlpm.nC) )} -> 76.073455 | H8: {=_xlfn.LET( _xlpm.λX, _xlfn.SWITCH(INDEX($2:$2, COLUMN()), "nC", Addendum!$A$37/1000, "nd", Addendum!$A$46/1000, "ne", Addendum!$A$47/1000, "nF", Addendum!$A$62/1000, "ng", Addendum!$A$69/1000, ), _xlpm.EqName, INDEX($S:$S, ROW()), _xlpm.a_1, INDEX($T:$T, ROW()), _xlpm.a_2, INDEX($U:$U, ROW()), _xlpm.a_3, INDEX($V:$V, ROW()), _xlpm.a_4, INDEX($W:$W, ROW()), _xlpm.a_5, INDEX($X:$X, ROW()), _xlpm.a_6, INDEX($Y:$Y, ROW()), _xlpm.b_1, IF(ISNUMBER(SEARCH("Schott 3/4", _xlpm.EqName)), IFERROR(_xlfn.TEXTAFTER(INDEX($AE:$AE, ROW()), "="), 0), 0), _xlpm.Sellmeier, _xlfn.LAMBDA(_xlpm.λ, _xlpm.a_1*_xlpm.λ^2/(_xlpm.λ^2-_xlpm.a_4) + _xlpm.a_2*_xlpm.λ^2/(_xlpm.λ^2-_xlpm.a_5) + _xlpm.a_3*_xlpm.λ^2/(_xlpm.λ^2-_xlpm.a_6)), _xlpm.Schott, _xlfn.LAMBDA(_xlpm.λ, _xlpm.a_1 + _xlpm.a_2*(_xlpm.λ^2) + _xlpm.b_1*(_xlpm.λ^4) + _xlpm.a_3*(_xlpm.λ^-2) + _xlpm.a_4*(_xlpm.λ^-4) + _xlpm.a_5*(_xlpm.λ^-6) + _xlpm.a_6*(_xlpm.λ^-8)), IF(ISNUMBER(SEARCH("Sellmeier", _xlpm.EqName)), IF(ISNUMBER(SEARCH("Mod", _xlpm.EqName)), SQRT((2*_xlpm.Sellmeier(_xlpm.λX)+1)/(1-_xlpm.Sellmeier(_xlpm.λX))), SQRT(1+_xlpm.Sellmeier(_xlpm.λX)) ), IF(ISNUMBER(SEARCH("Schott", _xlpm.EqName)), SQRT(_xlpm.Schott(_xlpm.λX)), NA() ) ) )} -> 1.5263026 | I8: {=_xlfn.LET( _xlpm.λX, _xlfn.SWITCH(INDEX($2:$2, COLUMN()), "nC", Addendum!$A$37/1000, "nd", Addendum!$A$46/1000, "ne", Addendum!$A$47/1000, "nF", Addendum!$A$62/1000, "ng", Addendum!$A$69/1000, ), _xlpm.EqName, INDEX($S:$S, ROW()), _xlpm.a_1, INDEX($T:$T, ROW()), _xlpm.a_2, INDEX($U:$U, ROW()), _xlpm.a_3, INDEX($V:$V, ROW()), _xlpm.a_4, INDEX($W:$W, ROW()), _xlpm.a_5, INDEX($X:$X, ROW()), _xlpm.a_6, INDEX($Y:$Y, ROW()), _xlpm.b_1, IF(ISNUMBER(SEARCH("Schott 3/4", _xlpm.EqName)), IFERROR(_xlfn.TEXTAFTER(INDEX($AE:$AE, ROW()), "="), 0), 0), _xlpm.Sellmeier, _xlfn.LAMBDA(_xlpm.λ, _xlpm.a_1*_xlpm.λ^2/(_xlpm.λ^2-_xlpm.a_4) + _xlpm.a_2*_xlpm.λ^2/(_xlpm.λ^2-_xlpm.a_5) + _xlpm.a_3*_xlpm.λ^2/(_xlpm.λ^2-_xlpm.a_6)), _xlpm.Schott, _xlfn.LAMBDA(_xlpm.λ, _xlpm.a_1 + _xlpm.a_2*(_xlpm.λ^2) + _xlpm.b_1*(_xlpm.λ^4) + _xlpm.a_3*(_xlpm.λ^-2) + _xlpm.a_4*(_xlpm.λ^-4) + _xlpm.a_5*(_xlpm.λ^-6) + _xlpm.a_6*(_xlpm.λ^-8)), IF(ISNUMBER(SEARCH("Sellmeier", _xlpm.EqName)), IF(ISNUMBER(SEARCH("Mod", _xlpm.EqName)), SQRT((2*_xlpm.Sellmeier(_xlpm.λX)+1)/(1-_xlpm.Sellmeier(_xlpm.λX))), SQRT(1+_xlpm.Sellmeier(_xlpm.λX)) ), IF(ISNUMBER(SEARCH("Schott", _xlpm.EqName)), SQRT(_xlpm.Schott(_xlpm.λX)), NA() ) ) )} -> 1.5284102 | J8: {=_xlfn.LET( _xlpm.λX, _xlfn.SWITCH(INDEX($2:$2, COLUMN()), "nC", Addendum!$A$37/1000, "nd", Addendum!$A$46/1000, "ne", Addendum!$A$47/1000, "nF", Addendum!$A$62/1000, "ng", Addendum!$A$69/1000, ), _xlpm.EqName, INDEX($S:$S, ROW()), _xlpm.a_1, INDEX($T:$T, ROW()), _xlpm.a_2, INDEX($U:$U, ROW()), _xlpm.a_3, INDEX($V:$V, ROW()), _xlpm.a_4, INDEX($W:$W, ROW()), _xlpm.a_5, INDEX($X:$X, ROW()), _xlpm.a_6, INDEX($Y:$Y, ROW()), _xlpm.b_1, IF(ISNUMBER(SEARCH("Schott 3/4", _xlpm.EqName)), IFERROR(_xlfn.TEXTAFTER(INDEX($AE:$AE, ROW()), "="), 0), 0), _xlpm.Sellmeier, _xlfn.LAMBDA(_xlpm.λ, _xlpm.a_1*_xlpm.λ^2/(_xlpm.λ^2-_xlpm.a_4) + _xlpm.a_2*_xlpm.λ^2/(_xlpm.λ^2-_xlpm.a_5) + _xlpm.a_3*_xlpm.λ^2/(_xlpm.λ^2-_xlpm.a_6)), _xlpm.Schott, _xlfn.LAMBDA(_xlpm.λ, _xlpm.a_1 + _xlpm.a_2*(_xlpm.λ^2) + _xlpm.b_1*(_xlpm.λ^4) + _xlpm.a_3*(_xlpm.λ^-2) + _xlpm.a_4*(_xlpm.λ^-4) + _xlpm.a_5*(_xlpm.λ^-6) + _xlpm.a_6*(_xlpm.λ^-8)), IF(ISNUMBER(SEARCH("Sellmeier", _xlpm.EqName)), IF(ISNUMBER(SEARCH("Mod", _xlpm.EqName)), SQRT((2*_xlpm.Sellmeier(_xlpm.λX)+1)/(1-_xlpm.Sellmeier(_xlpm.λX))), SQRT(1+_xlpm.Sellmeier(_xlpm.λX)) ), IF(ISNUMBER(SEARCH("Schott", _xlpm.EqName)), SQRT(_xlpm.Schott(_xlpm.λX)), NA() ) ) )} -> 1.53006 | K8: {=_xlfn.LET( _xlpm.λX, _xlfn.SWITCH(INDEX($2:$2, COLUMN()), "nC", Addendum!$A$37/1000, "nd", Addendum!$A$46/1000, "ne", Addendum!$A$47/1000, "nF", Addendum!$A$62/1000, "ng", Addendum!$A$69/1000, ), _xlpm.EqName, INDEX($S:$S, ROW()), _xlpm.a_1, INDEX($T:$T, ROW()), _xlpm.a_2, INDEX($U:$U, ROW()), _xlpm.a_3, INDEX($V:$V, ROW()), _xlpm.a_4, INDEX($W:$W, ROW()), _xlpm.a_5, INDEX($X:$X, ROW()), _xlpm.a_6, INDEX($Y:$Y, ROW()), _xlpm.b_1, IF(ISNUMBER(SEARCH("Schott 3/4", _xlpm.EqName)), IFERROR(_xlfn.TEXTAFTER(INDEX($AE:$AE, ROW()), "="), 0), 0), _xlpm.Sellmeier, _xlfn.LAMBDA(_xlpm.λ, _xlpm.a_1*_xlpm.λ^2/(_xlpm.λ^2-_xlpm.a_4) + _xlpm.a_2*_xlpm.λ^2/(_xlpm.λ^2-_xlpm.a_5) + _xlpm.a_3*_xlpm.λ^2/(_xlpm.λ^2-_xlpm.a_6)), _xlpm.Schott, _xlfn.LAMBDA(_xlpm.λ, _xlpm.a_1 + _xlpm.a_2*(_xlpm.λ^2) + _xlpm.b_1*(_xlpm.λ^4) + _xlpm.a_3*(_xlpm.λ^-2) + _xlpm.a_4*(_xlpm.λ^-4) + _xlpm.a_5*(_xlpm.λ^-6) + _xlpm.a_6*(_xlpm.λ^-8)), IF(ISNUMBER(SEARCH("Sellmeier", _xlpm.EqName)), IF(ISNUMBER(SEARCH("Mod", _xlpm.EqName)), SQRT((2*_xlpm.Sellmeier(_xlpm.λX)+1)/(1-_xlpm.Sellmeier(_xlpm.λX))), SQRT(1+_xlpm.Sellmeier(_xlpm.λX)) ), IF(ISNUMBER(SEARCH("Schott", _xlpm.EqName)), SQRT(_xlpm.Schott(_xlpm.λX)), NA() ) ) )} -> 1.5332141 | L8: {=_xlfn.LET( _xlpm.λX, _xlfn.SWITCH(INDEX($2:$2, COLUMN()), "nC", Addendum!$A$37/1000, "nd", Addendum!$A$46/1000, "ne", Addendum!$A$47/1000, "nF", Addendum!$A$62/1000, "ng", Addendum!$A$69/1000, ), _xlpm.EqName, INDEX($S:$S, ROW()), _xlpm.a_1, INDEX($T:$T, ROW()), _xlpm.a_2, INDEX($U:$U, ROW()), _xlpm.a_3, INDEX($V:$V, ROW()), _xlpm.a_4, INDEX($W:$W, ROW()), _xlpm.a_5, INDEX($X:$X, ROW()), _xlpm.a_6, INDEX($Y:$Y, ROW()), _xlpm.b_1, IF(ISNUMBER(SEARCH("Schott 3/4", _xlpm.EqName)), IFERROR(_xlfn.TEXTAFTER(INDEX($AE:$AE, ROW()), "="), 0), 0), _xlpm.Sellmeier, _xlfn.LAMBDA(_xlpm.λ, _xlpm.a_1*_xlpm.λ^2/(_xlpm.λ^2-_xlpm.a_4) + _xlpm.a_2*_xlpm.λ^2/(_xlpm.λ^2-_xlpm.a_5) + _xlpm.a_3*_xlpm.λ^2/(_xlpm.λ^2-_xlpm.a_6)), _xlpm.Schott, _xlfn.LAMBDA(_xlpm.λ, _xlpm.a_1 + _xlpm.a_2*(_xlpm.λ^2) + _xlpm.b_1*(_xlpm.λ^4) + _xlpm.a_3*(_xlpm.λ^-2) + _xlpm.a_4*(_xlpm.λ^-4) + _xlpm.a_5*(_xlpm.λ^-6) + _xlpm.a_6*(_xlpm.λ^-8)), IF(ISNUMBER(SEARCH("Sellmeier", _xlpm.EqName)), IF(ISNUMBER(SEARCH("Mod", _xlpm.EqName)), SQRT((2*_xlpm.Sellmeier(_xlpm.λX)+1)/(1-_xlpm.Sellmeier(_xlpm.λX))), SQRT(1+_xlpm.Sellmeier(_xlpm.λX)) ), IF(ISNUMBER(SEARCH("Schott", _xlpm.EqName)), SQRT(_xlpm.Schott(_xlpm.λX)), NA() ) ) )} -> 1.5369433 | M8: =K8-H8 -> 0.0069115043 | N8: =I8-H8 -> 0.0021075953 | O8: =L8-K8 -> 0.0037291062 | P8: =(I8-H8)/M8 -> 0.30494017 | Q8: =(L8-K8)/M8 -> 0.53955059 | R8: 0.0218 | S8: Sellmeier 3 | T8: 0.68558508 | U8: 0.62338021 | V8: 0.91417839 | W8: 0.0028817201 | X8: 0.012470171 | Y8: 153.5772 | Z8: 3.76 | AA8: 487 | AC8: Not Specified | AD8: Recommended
A9: 7 | B9: Ohara | C9: CaF | D9: S-FPM 5 | E9: =I9 -> 1.5520002 | F9: =(I9-1)/M9 -> 70.697902 | G9: {=_xlfn.LET( _xlpm.λe, Addendum!$A$47/1000, _xlpm.λF, Addendum!$A$63/1000, _xlpm.λC, Addendum!$A$38/1000, _xlpm.EqName, INDEX($S:$S, ROW()), _xlpm.a_1, INDEX($T:$T, ROW()), _xlpm.a_2, INDEX($U:$U, ROW()), _xlpm.a_3, INDEX($V:$V, ROW()), _xlpm.a_4, INDEX($W:$W, ROW()), _xlpm.a_5, INDEX($X:$X, ROW()), _xlpm.a_6, INDEX($Y:$Y, ROW()), _xlpm.b_1, IF(ISNUMBER(SEARCH("Schott 3/4", _xlpm.EqName)), IFERROR(_xlfn.TEXTAFTER(INDEX($AE:$AE, ROW()), "="), 0), 0), _xlpm.Sellmeier, _xlfn.LAMBDA(_xlpm.λ, _xlpm.a_1*_xlpm.λ^2/(_xlpm.λ^2-_xlpm.a_4) + _xlpm.a_2*_xlpm.λ^2/(_xlpm.λ^2-_xlpm.a_5) + _xlpm.a_3*_xlpm.λ^2/(_xlpm.λ^2-_xlpm.a_6)), _xlpm.Schott, _xlfn.LAMBDA(_xlpm.λ, _xlpm.a_1 + _xlpm.a_2*(_xlpm.λ^2) + _xlpm.b_1*(_xlpm.λ^4) + _xlpm.a_3*(_xlpm.λ^-2) + _xlpm.a_4*(_xlpm.λ^-4) + _xlpm.a_5*(_xlpm.λ^-6) + _xlpm.a_6*(_xlpm.λ^-8)), _xlpm.RefrIndex, _xlfn.LAMBDA(_xlpm.λ, IF(ISNUMBER(SEARCH("Sellmeier", _xlpm.EqName)), IF(ISNUMBER(SEARCH("Mod", _xlpm.EqName)), SQRT((2*_xlpm.Sellmeier(_xlpm.λ)+1)/(1-_xlpm.Sellmeier(_xlpm.λ))), SQRT(1+_xlpm.Sellmeier(_xlpm.λ)) ), IF(ISNUMBER(SEARCH("Schott", _xlpm.EqName)), SQRT(_xlpm.Schott(_xlpm.λ)), NA() ) ) ), _xlpm.ne, _xlpm.RefrIndex(_xlpm.λe), _xlpm.nF, _xlpm.RefrIndex(_xlpm.λF), _xlpm.nC, _xlpm.RefrIndex(_xlpm.λC), (_xlpm.ne - 1)/(_xlpm.nF - _xlpm.nC) )} -> 70.3377 | H9: {=_xlfn.LET( _xlpm.λX, _xlfn.SWITCH(INDEX($2:$2, COLUMN()), "nC", Addendum!$A$37/1000, "nd", Addendum!$A$46/1000, "ne", Addendum!$A$47/1000, "nF", Addendum!$A$62/1000, "ng", Addendum!$A$69/1000, ), _xlpm.EqName, INDEX($S:$S, ROW()), _xlpm.a_1, INDEX($T:$T, ROW()), _xlpm.a_2, INDEX($U:$U, ROW()), _xlpm.a_3, INDEX($V:$V, ROW()), _xlpm.a_4, INDEX($W:$W, ROW()), _xlpm.a_5, INDEX($X:$X, ROW()), _xlpm.a_6, INDEX($Y:$Y, ROW()), _xlpm.b_1, IF(ISNUMBER(SEARCH("Schott 3/4", _xlpm.EqName)), IFERROR(_xlfn.TEXTAFTER(INDEX($AE:$AE, ROW()), "="), 0), 0), _xlpm.Sellmeier, _xlfn.LAMBDA(_xlpm.λ, _xlpm.a_1*_xlpm.λ^2/(_xlpm.λ^2-_xlpm.a_4) + _xlpm.a_2*_xlpm.λ^2/(_xlpm.λ^2-_xlpm.a_5) + _xlpm.a_3*_xlpm.λ^2/(_xlpm.λ^2-_xlpm.a_6)), _xlpm.Schott, _xlfn.LAMBDA(_xlpm.λ, _xlpm.a_1 + _xlpm.a_2*(_xlpm.λ^2) + _xlpm.b_1*(_xlpm.λ^4) + _xlpm.a_3*(_xlpm.λ^-2) + _xlpm.a_4*(_xlpm.λ^-4) + _xlpm.a_5*(_xlpm.λ^-6) + _xlpm.a_6*(_xlpm.λ^-8)), IF(ISNUMBER(SEARCH("Sellmeier", _xlpm.EqName)), IF(ISNUMBER(SEARCH("Mod", _xlpm.EqName)), SQRT((2*_xlpm.Sellmeier(_xlpm.λX)+1)/(1-_xlpm.Sellmeier(_xlpm.λX))), SQRT(1+_xlpm.Sellmeier(_xlpm.λX)) ), IF(ISNUMBER(SEARCH("Schott", _xlpm.EqName)), SQRT(_xlpm.Schott(_xlpm.λX)), NA() ) ) )} -> 1.5496253 | I9: {=_xlfn.LET( _xlpm.λX, _xlfn.SWITCH(INDEX($2:$2, COLUMN()), "nC", Addendum!$A$37/1000, "nd", Addendum!$A$46/1000, "ne", Addendum!$A$47/1000, "nF", Addendum!$A$62/1000, "ng", Addendum!$A$69/1000, ), _xlpm.EqName, INDEX($S:$S, ROW()), _xlpm.a_1, INDEX($T:$T, ROW()), _xlpm.a_2, INDEX($U:$U, ROW()), _xlpm.a_3, INDEX($V:$V, ROW()), _xlpm.a_4, INDEX($W:$W, ROW()), _xlpm.a_5, INDEX($X:$X, ROW()), _xlpm.a_6, INDEX($Y:$Y, ROW()), _xlpm.b_1, IF(ISNUMBER(SEARCH("Schott 3/4", _xlpm.EqName)), IFERROR(_xlfn.TEXTAFTER(INDEX($AE:$AE, ROW()), "="), 0), 0), _xlpm.Sellmeier, _xlfn.LAMBDA(_xlpm.λ, _xlpm.a_1*_xlpm.λ^2/(_xlpm.λ^2-_xlpm.a_4) + _xlpm.a_2*_xlpm.λ^2/(_xlpm.λ^2-_xlpm.a_5) + _xlpm.a_3*_xlpm.λ^2/(_xlpm.λ^2-_xlpm.a_6)), _xlpm.Schott, _xlfn.LAMBDA(_xlpm.λ, _xlpm.a_1 + _xlpm.a_2*(_xlpm.λ^2) + _xlpm.b_1*(_xlpm.λ^4) + _xlpm.a_3*(_xlpm.λ^-2) + _xlpm.a_4*(_xlpm.λ^-4) + _xlpm.a_5*(_xlpm.λ^-6) + _xlpm.a_6*(_xlpm.λ^-8)), IF(ISNUMBER(SEARCH("Sellmeier", _xlpm.EqName)), IF(ISNUMBER(SEARCH("Mod", _xlpm.EqName)), SQRT((2*_xlpm.Sellmeier(_xlpm.λX)+1)/(1-_xlpm.Sellmeier(_xlpm.λX))), SQRT(1+_xlpm.Sellmeier(_xlpm.λX)) ), IF(ISNUMBER(SEARCH("Schott", _xlpm.EqName)), SQRT(_xlpm.Schott(_xlpm.λX)), NA() ) ) )} -> 1.5520002 | J9: {=_xlfn.LET( _xlpm.λX, _xlfn.SWITCH(INDEX($2:$2, COLUMN()), "nC", Addendum!$A$37/1000, "nd", Addendum!$A$46/1000, "ne", Addendum!$A$47/1000, "nF", Addendum!$A$62/1000, "ng", Addendum!$A$69/1000, ), _xlpm.EqName, INDEX($S:$S, ROW()), _xlpm.a_1, INDEX($T:$T, ROW()), _xlpm.a_2, INDEX($U:$U, ROW()), _xlpm.a_3, INDEX($V:$V, ROW()), _xlpm.a_4, INDEX($W:$W, ROW()), _xlpm.a_5, INDEX($X:$X, ROW()), _xlpm.a_6, INDEX($Y:$Y, ROW()), _xlpm.b_1, IF(ISNUMBER(SEARCH("Schott 3/4", _xlpm.EqName)), IFERROR(_xlfn.TEXTAFTER(INDEX($AE:$AE, ROW()), "="), 0), 0), _xlpm.Sellmeier, _xlfn.LAMBDA(_xlpm.λ, _xlpm.a_1*_xlpm.λ^2/(_xlpm.λ^2-_xlpm.a_4) + _xlpm.a_2*_xlpm.λ^2/(_xlpm.λ^2-_xlpm.a_5) + _xlpm.a_3*_xlpm.λ^2/(_xlpm.λ^2-_xlpm.a_6)), _xlpm.Schott, _xlfn.LAMBDA(_xlpm.λ, _xlpm.a_1 + _xlpm.a_2*(_xlpm.λ^2) + _xlpm.b_1*(_xlpm.λ^4) + _xlpm.a_3*(_xlpm.λ^-2) + _xlpm.a_4*(_xlpm.λ^-4) + _xlpm.a_5*(_xlpm.λ^-6) + _xlpm.a_6*(_xlpm.λ^-8)), IF(ISNUMBER(SEARCH("Sellmeier", _xlpm.EqName)), IF(ISNUMBER(SEARCH("Mod", _xlpm.EqName)), SQRT((2*_xlpm.Sellmeier(_xlpm.λX)+1)/(1-_xlpm.Sellmeier(_xlpm.λX))), SQRT(1+_xlpm.Sellmeier(_xlpm.λX)) ), IF(ISNUMBER(SEARCH("Schott", _xlpm.EqName)), SQRT(_xlpm.Schott(_xlpm.λX)), NA() ) ) )} -> 1.5538632 | K9: {=_xlfn.LET( _xlpm.λX, _xlfn.SWITCH(INDEX($2:$2, COLUMN()), "nC", Addendum!$A$37/1000, "nd", Addendum!$A$46/1000, "ne", Addendum!$A$47/1000, "nF", Addendum!$A$62/1000, "ng", Addendum!$A$69/1000, ), _xlpm.EqName, INDEX($S:$S, ROW()), _xlpm.a_1, INDEX($T:$T, ROW()), _xlpm.a_2, INDEX($U:$U, ROW()), _xlpm.a_3, INDEX($V:$V, ROW()), _xlpm.a_4, INDEX($W:$W, ROW()), _xlpm.a_5, INDEX($X:$X, ROW()), _xlpm.a_6, INDEX($Y:$Y, ROW()), _xlpm.b_1, IF(ISNUMBER(SEARCH("Schott 3/4", _xlpm.EqName)), IFERROR(_xlfn.TEXTAFTER(INDEX($AE:$AE, ROW()), "="), 0), 0), _xlpm.Sellmeier, _xlfn.LAMBDA(_xlpm.λ, _xlpm.a_1*_xlpm.λ^2/(_xlpm.λ^2-_xlpm.a_4) + _xlpm.a_2*_xlpm.λ^2/(_xlpm.λ^2-_xlpm.a_5) + _xlpm.a_3*_xlpm.λ^2/(_xlpm.λ^2-_xlpm.a_6)), _xlpm.Schott, _xlfn.LAMBDA(_xlpm.λ, _xlpm.a_1 + _xlpm.a_2*(_xlpm.λ^2) + _xlpm.b_1*(_xlpm.λ^4) + _xlpm.a_3*(_xlpm.λ^-2) + _xlpm.a_4*(_xlpm.λ^-4) + _xlpm.a_5*(_xlpm.λ^-6) + _xlpm.a_6*(_xlpm.λ^-8)), IF(ISNUMBER(SEARCH("Sellmeier", _xlpm.EqName)), IF(ISNUMBER(SEARCH("Mod", _xlpm.EqName)), SQRT((2*_xlpm.Sellmeier(_xlpm.λX)+1)/(1-_xlpm.Sellmeier(_xlpm.λX))), SQRT(1+_xlpm.Sellmeier(_xlpm.λX)) ), IF(ISNUMBER(SEARCH("Schott", _xlpm.EqName)), SQRT(_xlpm.Schott(_xlpm.λX)), NA() ) ) )} -> 1.5574332 | L9: {=_xlfn.LET( _xlpm.λX, _xlfn.SWITCH(INDEX($2:$2, COLUMN()), "nC", Addendum!$A$37/1000, "nd", Addendum!$A$46/1000, "ne", Addendum!$A$47/1000, "nF", Addendum!$A$62/1000, "ng", Addendum!$A$69/1000, ), _xlpm.EqName, INDEX($S:$S, ROW()), _xlpm.a_1, INDEX($T:$T, ROW()), _xlpm.a_2, INDEX($U:$U, ROW()), _xlpm.a_3, INDEX($V:$V, ROW()), _xlpm.a_4, INDEX($W:$W, ROW()), _xlpm.a_5, INDEX($X:$X, ROW()), _xlpm.a_6, INDEX($Y:$Y, ROW()), _xlpm.b_1, IF(ISNUMBER(SEARCH("Schott 3/4", _xlpm.EqName)), IFERROR(_xlfn.TEXTAFTER(INDEX($AE:$AE, ROW()), "="), 0), 0), _xlpm.Sellmeier, _xlfn.LAMBDA(_xlpm.λ, _xlpm.a_1*_xlpm.λ^2/(_xlpm.λ^2-_xlpm.a_4) + _xlpm.a_2*_xlpm.λ^2/(_xlpm.λ^2-_xlpm.a_5) + _xlpm.a_3*_xlpm.λ^2/(_xlpm.λ^2-_xlpm.a_6)), _xlpm.Schott, _xlfn.LAMBDA(_xlpm.λ, _xlpm.a_1 + _xlpm.a_2*(_xlpm.λ^2) + _xlpm.b_1*(_xlpm.λ^4) + _xlpm.a_3*(_xlpm.λ^-2) + _xlpm.a_4*(_xlpm.λ^-4) + _xlpm.a_5*(_xlpm.λ^-6) + _xlpm.a_6*(_xlpm.λ^-8)), IF(ISNUMBER(SEARCH("Sellmeier", _xlpm.EqName)), IF(ISNUMBER(SEARCH("Mod", _xlpm.EqName)), SQRT((2*_xlpm.Sellmeier(_xlpm.λX)+1)/(1-_xlpm.Sellmeier(_xlpm.λX))), SQRT(1+_xlpm.Sellmeier(_xlpm.λX)) ), IF(ISNUMBER(SEARCH("Schott", _xlpm.EqName)), SQRT(_xlpm.Schott(_xlpm.λX)), NA() ) ) )} -> 1.5616667 | M9: =K9-H9 -> 0.0078078727 | N9: =I9-H9 -> 0.0023748805 | O9: =L9-K9 -> 0.0042334533 | P9: =(I9-H9)/M9 -> 0.30416486 | Q9: =(L9-K9)/M9 -> 0.54220317 | R9: 0.015 | S9: Sellmeier 3 | T9: 0.83989976 | U9: 0.53772131 | V9: 0.95324776 | W9: 0.003764483 | X9: 0.014802262 | Y9: 145.67555 | Z9: 3.74 | AA9: 474 | AC9: Not Specified | AD9: Recommended
A10: 8 | B10: Ohara | C10: SiO | D10: S-FSL 5 | E10: =I10 -> 1.4874899 | F10: =(I10-1)/M10 -> 70.237067 | G10: {=_xlfn.LET( _xlpm.λe, Addendum!$A$47/1000, _xlpm.λF, Addendum!$A$63/1000, _xlpm.λC, Addendum!$A$38/1000, _xlpm.EqName, INDEX($S:$S, ROW()), _xlpm.a_1, INDEX($T:$T, ROW()), _xlpm.a_2, INDEX($U:$U, ROW()), _xlpm.a_3, INDEX($V:$V, ROW()), _xlpm.a_4, INDEX($W:$W, ROW()), _xlpm.a_5, INDEX($X:$X, ROW()), _xlpm.a_6, INDEX($Y:$Y, ROW()), _xlpm.b_1, IF(ISNUMBER(SEARCH("Schott 3/4", _xlpm.EqName)), IFERROR(_xlfn.TEXTAFTER(INDEX($AE:$AE, ROW()), "="), 0), 0), _xlpm.Sellmeier, _xlfn.LAMBDA(_xlpm.λ, _xlpm.a_1*_xlpm.λ^2/(_xlpm.λ^2-_xlpm.a_4) + _xlpm.a_2*_xlpm.λ^2/(_xlpm.λ^2-_xlpm.a_5) + _xlpm.a_3*_xlpm.λ^2/(_xlpm.λ^2-_xlpm.a_6)), _xlpm.Schott, _xlfn.LAMBDA(_xlpm.λ, _xlpm.a_1 + _xlpm.a_2*(_xlpm.λ^2) + _xlpm.b_1*(_xlpm.λ^4) + _xlpm.a_3*(_xlpm.λ^-2) + _xlpm.a_4*(_xlpm.λ^-4) + _xlpm.a_5*(_xlpm.λ^-6) + _xlpm.a_6*(_xlpm.λ^-8)), _xlpm.RefrIndex, _xlfn.LAMBDA(_xlpm.λ, IF(ISNUMBER(SEARCH("Sellmeier", _xlpm.EqName)), IF(ISNUMBER(SEARCH("Mod", _xlpm.EqName)), SQRT((2*_xlpm.Sellmeier(_xlpm.λ)+1)/(1-_xlpm.Sellmeier(_xlpm.λ))), SQRT(1+_xlpm.Sellmeier(_xlpm.λ)) ), IF(ISNUMBER(SEARCH("Schott", _xlpm.EqName)), SQRT(_xlpm.Schott(_xlpm.λ)), NA() ) ) ), _xlpm.ne, _xlpm.RefrIndex(_xlpm.λe), _xlpm.nF, _xlpm.RefrIndex(_xlpm.λF), _xlpm.nC, _xlpm.RefrIndex(_xlpm.λC), (_xlpm.ne - 1)/(_xlpm.nF - _xlpm.nC) )} -> 70.040074 | H10: {=_xlfn.LET( _xlpm.λX, _xlfn.SWITCH(INDEX($2:$2, COLUMN()), "nC", Addendum!$A$37/1000, "nd", Addendum!$A$46/1000, "ne", Addendum!$A$47/1000, "nF", Addendum!$A$62/1000, "ng", Addendum!$A$69/1000, ), _xlpm.EqName, INDEX($S:$S, ROW()), _xlpm.a_1, INDEX($T:$T, ROW()), _xlpm.a_2, INDEX($U:$U, ROW()), _xlpm.a_3, INDEX($V:$V, ROW()), _xlpm.a_4, INDEX($W:$W, ROW()), _xlpm.a_5, INDEX($X:$X, ROW()), _xlpm.a_6, INDEX($Y:$Y, ROW()), _xlpm.b_1, IF(ISNUMBER(SEARCH("Schott 3/4", _xlpm.EqName)), IFERROR(_xlfn.TEXTAFTER(INDEX($AE:$AE, ROW()), "="), 0), 0), _xlpm.Sellmeier, _xlfn.LAMBDA(_xlpm.λ, _xlpm.a_1*_xlpm.λ^2/(_xlpm.λ^2-_xlpm.a_4) + _xlpm.a_2*_xlpm.λ^2/(_xlpm.λ^2-_xlpm.a_5) + _xlpm.a_3*_xlpm.λ^2/(_xlpm.λ^2-_xlpm.a_6)), _xlpm.Schott, _xlfn.LAMBDA(_xlpm.λ, _xlpm.a_1 + _xlpm.a_2*(_xlpm.λ^2) + _xlpm.b_1*(_xlpm.λ^4) + _xlpm.a_3*(_xlpm.λ^-2) + _xlpm.a_4*(_xlpm.λ^-4) + _xlpm.a_5*(_xlpm.λ^-6) + _xlpm.a_6*(_xlpm.λ^-8)), IF(ISNUMBER(SEARCH("Sellmeier", _xlpm.EqName)), IF(ISNUMBER(SEARCH("Mod", _xlpm.EqName)), SQRT((2*_xlpm.Sellmeier(_xlpm.λX)+1)/(1-_xlpm.Sellmeier(_xlpm.λX))), SQRT(1+_xlpm.Sellmeier(_xlpm.λX)) ), IF(ISNUMBER(SEARCH("Schott", _xlpm.EqName)), SQRT(_xlpm.Schott(_xlpm.λX)), NA() ) ) )} -> 1.485344 | I10: {=_xlfn.LET( _xlpm.λX, _xlfn.SWITCH(INDEX($2:$2, COLUMN()), "nC", Addendum!$A$37/1000, "nd", Addendum!$A$46/1000, "ne", Addendum!$A$47/1000, "nF", Addendum!$A$62/1000, "ng", Addendum!$A$69/1000, ), _xlpm.EqName, INDEX($S:$S, ROW()), _xlpm.a_1, INDEX($T:$T, ROW()), _xlpm.a_2, INDEX($U:$U, ROW()), _xlpm.a_3, INDEX($V:$V, ROW()), _xlpm.a_4, INDEX($W:$W, ROW()), _xlpm.a_5, INDEX($X:$X, ROW()), _xlpm.a_6, INDEX($Y:$Y, ROW()), _xlpm.b_1, IF(ISNUMBER(SEARCH("Schott 3/4", _xlpm.EqName)), IFERROR(_xlfn.TEXTAFTER(INDEX($AE:$AE, ROW()), "="), 0), 0), _xlpm.Sellmeier, _xlfn.LAMBDA(_xlpm.λ, _xlpm.a_1*_xlpm.λ^2/(_xlpm.λ^2-_xlpm.a_4) + _xlpm.a_2*_xlpm.λ^2/(_xlpm.λ^2-_xlpm.a_5) + _xlpm.a_3*_xlpm.λ^2/(_xlpm.λ^2-_xlpm.a_6)), _xlpm.Schott, _xlfn.LAMBDA(_xlpm.λ, _xlpm.a_1 + _xlpm.a_2*(_xlpm.λ^2) + _xlpm.b_1*(_xlpm.λ^4) + _xlpm.a_3*(_xlpm.λ^-2) + _xlpm.a_4*(_xlpm.λ^-4) + _xlpm.a_5*(_xlpm.λ^-6) + _xlpm.a_6*(_xlpm.λ^-8)), IF(ISNUMBER(SEARCH("Sellmeier", _xlpm.EqName)), IF(ISNUMBER(SEARCH("Mod", _xlpm.EqName)), SQRT((2*_xlpm.Sellmeier(_xlpm.λX)+1)/(1-_xlpm.Sellmeier(_xlpm.λX))), SQRT(1+_xlpm.Sellmeier(_xlpm.λX)) ), IF(ISNUMBER(SEARCH("Schott", _xlpm.EqName)), SQRT(_xlpm.Schott(_xlpm.λX)), NA() ) ) )} -> 1.4874899 | J10: {=_xlfn.LET( _xlpm.λX, _xlfn.SWITCH(INDEX($2:$2, COLUMN()), "nC", Addendum!$A$37/1000, "nd", Addendum!$A$46/1000, "ne", Addendum!$A$47/1000, "nF", Addendum!$A$62/1000, "ng", Addendum!$A$69/1000, ), _xlpm.EqName, INDEX($S:$S, ROW()), _xlpm.a_1, INDEX($T:$T, ROW()), _xlpm.a_2, INDEX($U:$U, ROW()), _xlpm.a_3, INDEX($V:$V, ROW()), _xlpm.a_4, INDEX($W:$W, ROW()), _xlpm.a_5, INDEX($X:$X, ROW()), _xlpm.a_6, INDEX($Y:$Y, ROW()), _xlpm.b_1, IF(ISNUMBER(SEARCH("Schott 3/4", _xlpm.EqName)), IFERROR(_xlfn.TEXTAFTER(INDEX($AE:$AE, ROW()), "="), 0), 0), _xlpm.Sellmeier, _xlfn.LAMBDA(_xlpm.λ, _xlpm.a_1*_xlpm.λ^2/(_xlpm.λ^2-_xlpm.a_4) + _xlpm.a_2*_xlpm.λ^2/(_xlpm.λ^2-_xlpm.a_5) + _xlpm.a_3*_xlpm.λ^2/(_xlpm.λ^2-_xlpm.a_6)), _xlpm.Schott, _xlfn.LAMBDA(_xlpm.λ, _xlpm.a_1 + _xlpm.a_2*(_xlpm.λ^2) + _xlpm.b_1*(_xlpm.λ^4) + _xlpm.a_3*(_xlpm.λ^-2) + _xlpm.a_4*(_xlpm.λ^-4) + _xlpm.a_5*(_xlpm.λ^-6) + _xlpm.a_6*(_xlpm.λ^-8)), IF(ISNUMBER(SEARCH("Sellmeier", _xlpm.EqName)), IF(ISNUMBER(SEARCH("Mod", _xlpm.EqName)), SQRT((2*_xlpm.Sellmeier(_xlpm.λX)+1)/(1-_xlpm.Sellmeier(_xlpm.λX))), SQRT(1+_xlpm.Sellmeier(_xlpm.λX)) ), IF(ISNUMBER(SEARCH("Schott", _xlpm.EqName)), SQRT(_xlpm.Schott(_xlpm.λX)), NA() ) ) )} -> 1.4891472 | K10: {=_xlfn.LET( _xlpm.λX, _xlfn.SWITCH(INDEX($2:$2, COLUMN()), "nC", Addendum!$A$37/1000, "nd", Addendum!$A$46/1000, "ne", Addendum!$A$47/1000, "nF", Addendum!$A$62/1000, "ng", Addendum!$A$69/1000, ), _xlpm.EqName, INDEX($S:$S, ROW()), _xlpm.a_1, INDEX($T:$T, ROW()), _xlpm.a_2, INDEX($U:$U, ROW()), _xlpm.a_3, INDEX($V:$V, ROW()), _xlpm.a_4, INDEX($W:$W, ROW()), _xlpm.a_5, INDEX($X:$X, ROW()), _xlpm.a_6, INDEX($Y:$Y, ROW()), _xlpm.b_1, IF(ISNUMBER(SEARCH("Schott 3/4", _xlpm.EqName)), IFERROR(_xlfn.TEXTAFTER(INDEX($AE:$AE, ROW()), "="), 0), 0), _xlpm.Sellmeier, _xlfn.LAMBDA(_xlpm.λ, _xlpm.a_1*_xlpm.λ^2/(_xlpm.λ^2-_xlpm.a_4) + _xlpm.a_2*_xlpm.λ^2/(_xlpm.λ^2-_xlpm.a_5) + _xlpm.a_3*_xlpm.λ^2/(_xlpm.λ^2-_xlpm.a_6)), _xlpm.Schott, _xlfn.LAMBDA(_xlpm.λ, _xlpm.a_1 + _xlpm.a_2*(_xlpm.λ^2) + _xlpm.b_1*(_xlpm.λ^4) + _xlpm.a_3*(_xlpm.λ^-2) + _xlpm.a_4*(_xlpm.λ^-4) + _xlpm.a_5*(_xlpm.λ^-6) + _xlpm.a_6*(_xlpm.λ^-8)), IF(ISNUMBER(SEARCH("Sellmeier", _xlpm.EqName)), IF(ISNUMBER(SEARCH("Mod", _xlpm.EqName)), SQRT((2*_xlpm.Sellmeier(_xlpm.λX)+1)/(1-_xlpm.Sellmeier(_xlpm.λX))), SQRT(1+_xlpm.Sellmeier(_xlpm.λX)) ), IF(ISNUMBER(SEARCH("Schott", _xlpm.EqName)), SQRT(_xlpm.Schott(_xlpm.λX)), NA() ) ) )} -> 1.4922846 | L10: {=_xlfn.LET( _xlpm.λX, _xlfn.SWITCH(INDEX($2:$2, COLUMN()), "nC", Addendum!$A$37/1000, "nd", Addendum!$A$46/1000, "ne", Addendum!$A$47/1000, "nF", Addendum!$A$62/1000, "ng", Addendum!$A$69/1000, ), _xlpm.EqName, INDEX($S:$S, ROW()), _xlpm.a_1, INDEX($T:$T, ROW()), _xlpm.a_2, INDEX($U:$U, ROW()), _xlpm.a_3, INDEX($V:$V, ROW()), _xlpm.a_4, INDEX($W:$W, ROW()), _xlpm.a_5, INDEX($X:$X, ROW()), _xlpm.a_6, INDEX($Y:$Y, ROW()), _xlpm.b_1, IF(ISNUMBER(SEARCH("Schott 3/4", _xlpm.EqName)), IFERROR(_xlfn.TEXTAFTER(INDEX($AE:$AE, ROW()), "="), 0), 0), _xlpm.Sellmeier, _xlfn.LAMBDA(_xlpm.λ, _xlpm.a_1*_xlpm.λ^2/(_xlpm.λ^2-_xlpm.a_4) + _xlpm.a_2*_xlpm.λ^2/(_xlpm.λ^2-_xlpm.a_5) + _xlpm.a_3*_xlpm.λ^2/(_xlpm.λ^2-_xlpm.a_6)), _xlpm.Schott, _xlfn.LAMBDA(_xlpm.λ, _xlpm.a_1 + _xlpm.a_2*(_xlpm.λ^2) + _xlpm.b_1*(_xlpm.λ^4) + _xlpm.a_3*(_xlpm.λ^-2) + _xlpm.a_4*(_xlpm.λ^-4) + _xlpm.a_5*(_xlpm.λ^-6) + _xlpm.a_6*(_xlpm.λ^-8)), IF(ISNUMBER(SEARCH("Sellmeier", _xlpm.EqName)), IF(ISNUMBER(SEARCH("Mod", _xlpm.EqName)), SQRT((2*_xlpm.Sellmeier(_xlpm.λX)+1)/(1-_xlpm.Sellmeier(_xlpm.λX))), SQRT(1+_xlpm.Sellmeier(_xlpm.λX)) ), IF(ISNUMBER(SEARCH("Schott", _xlpm.EqName)), SQRT(_xlpm.Schott(_xlpm.λX)), NA() ) ) )} -> 1.4959638 | M10: =K10-H10 -> 0.0069406363 | N10: =I10-H10 -> 0.0021459374 | O10: =L10-K10 -> 0.0036791462 | P10: =(I10-H10)/M10 -> 0.30918454 | Q10: =(L10-K10)/M10 -> 0.53008774 | R10: 0.0022 | S10: Sellmeier 3 | T10: 1.1744704 | U10: 0.014005615 | V10: 1.1927243 | W10: 0.0084185518 | X10: -0.058179077 | Y10: 129.59973 | Z10: 2.46 | AA10: 497 | AB10: 679 | AC10: Not Specified | AD10: Recommended
A11: 9 | B11: Ohara | C11: SiO | D11: S-BSL 7 | E11: =I11 -> 1.5163299 | F11: =(I11-1)/M11 -> 64.142772 | G11: {=_xlfn.LET( _xlpm.λe, Addendum!$A$47/1000, _xlpm.λF, Addendum!$A$63/1000, _xlpm.λC, Addendum!$A$38/1000, _xlpm.EqName, INDEX($S:$S, ROW()), _xlpm.a_1, INDEX($T:$T, ROW()), _xlpm.a_2, INDEX($U:$U, ROW()), _xlpm.a_3, INDEX($V:$V, ROW()), _xlpm.a_4, INDEX($W:$W, ROW()), _xlpm.a_5, INDEX($X:$X, ROW()), _xlpm.a_6, INDEX($Y:$Y, ROW()), _xlpm.b_1, IF(ISNUMBER(SEARCH("Schott 3/4", _xlpm.EqName)), IFERROR(_xlfn.TEXTAFTER(INDEX($AE:$AE, ROW()), "="), 0), 0), _xlpm.Sellmeier, _xlfn.LAMBDA(_xlpm.λ, _xlpm.a_1*_xlpm.λ^2/(_xlpm.λ^2-_xlpm.a_4) + _xlpm.a_2*_xlpm.λ^2/(_xlpm.λ^2-_xlpm.a_5) + _xlpm.a_3*_xlpm.λ^2/(_xlpm.λ^2-_xlpm.a_6)), _xlpm.Schott, _xlfn.LAMBDA(_xlpm.λ, _xlpm.a_1 + _xlpm.a_2*(_xlpm.λ^2) + _xlpm.b_1*(_xlpm.λ^4) + _xlpm.a_3*(_xlpm.λ^-2) + _xlpm.a_4*(_xlpm.λ^-4) + _xlpm.a_5*(_xlpm.λ^-6) + _xlpm.a_6*(_xlpm.λ^-8)), _xlpm.RefrIndex, _xlfn.LAMBDA(_xlpm.λ, IF(ISNUMBER(SEARCH("Sellmeier", _xlpm.EqName)), IF(ISNUMBER(SEARCH("Mod", _xlpm.EqName)), SQRT((2*_xlpm.Sellmeier(_xlpm.λ)+1)/(1-_xlpm.Sellmeier(_xlpm.λ))), SQRT(1+_xlpm.Sellmeier(_xlpm.λ)) ), IF(ISNUMBER(SEARCH("Schott", _xlpm.EqName)), SQRT(_xlpm.Schott(_xlpm.λ)), NA() ) ) ), _xlpm.ne, _xlpm.RefrIndex(_xlpm.λe), _xlpm.nF, _xlpm.RefrIndex(_xlpm.λF), _xlpm.nC, _xlpm.RefrIndex(_xlpm.λC), (_xlpm.ne - 1)/(_xlpm.nF - _xlpm.nC) )} -> 63.930671 | H11: {=_xlfn.LET( _xlpm.λX, _xlfn.SWITCH(INDEX($2:$2, COLUMN()), "nC", Addendum!$A$37/1000, "nd", Addendum!$A$46/1000, "ne", Addendum!$A$47/1000, "nF", Addendum!$A$62/1000, "ng", Addendum!$A$69/1000, ), _xlpm.EqName, INDEX($S:$S, ROW()), _xlpm.a_1, INDEX($T:$T, ROW()), _xlpm.a_2, INDEX($U:$U, ROW()), _xlpm.a_3, INDEX($V:$V, ROW()), _xlpm.a_4, INDEX($W:$W, ROW()), _xlpm.a_5, INDEX($X:$X, ROW()), _xlpm.a_6, INDEX($Y:$Y, ROW()), _xlpm.b_1, IF(ISNUMBER(SEARCH("Schott 3/4", _xlpm.EqName)), IFERROR(_xlfn.TEXTAFTER(INDEX($AE:$AE, ROW()), "="), 0), 0), _xlpm.Sellmeier, _xlfn.LAMBDA(_xlpm.λ, _xlpm.a_1*_xlpm.λ^2/(_xlpm.λ^2-_xlpm.a_4) + _xlpm.a_2*_xlpm.λ^2/(_xlpm.λ^2-_xlpm.a_5) + _xlpm.a_3*_xlpm.λ^2/(_xlpm.λ^2-_xlpm.a_6)), _xlpm.Schott, _xlfn.LAMBDA(_xlpm.λ, _xlpm.a_1 + _xlpm.a_2*(_xlpm.λ^2) + _xlpm.b_1*(_xlpm.λ^4) + _xlpm.a_3*(_xlpm.λ^-2) + _xlpm.a_4*(_xlpm.λ^-4) + _xlpm.a_5*(_xlpm.λ^-6) + _xlpm.a_6*(_xlpm.λ^-8)), IF(ISNUMBER(SEARCH("Sellmeier", _xlpm.EqName)), IF(ISNUMBER(SEARCH("Mod", _xlpm.EqName)), SQRT((2*_xlpm.Sellmeier(_xlpm.λX)+1)/(1-_xlpm.Sellmeier(_xlpm.λX))), SQRT(1+_xlpm.Sellmeier(_xlpm.λX)) ), IF(ISNUMBER(SEARCH("Schott", _xlpm.EqName)), SQRT(_xlpm.Schott(_xlpm.λX)), NA() ) ) )} -> 1.5138551 | I11: {=_xlfn.LET( _xlpm.λX, _xlfn.SWITCH(INDEX($2:$2, COLUMN()), "nC", Addendum!$A$37/1000, "nd", Addendum!$A$46/1000, "ne", Addendum!$A$47/1000, "nF", Addendum!$A$62/1000, "ng", Addendum!$A$69/1000, ), _xlpm.EqName, INDEX($S:$S, ROW()), _xlpm.a_1, INDEX($T:$T, ROW()), _xlpm.a_2, INDEX($U:$U, ROW()), _xlpm.a_3, INDEX($V:$V, ROW()), _xlpm.a_4, INDEX($W:$W, ROW()), _xlpm.a_5, INDEX($X:$X, ROW()), _xlpm.a_6, INDEX($Y:$Y, ROW()), _xlpm.b_1, IF(ISNUMBER(SEARCH("Schott 3/4", _xlpm.EqName)), IFERROR(_xlfn.TEXTAFTER(INDEX($AE:$AE, ROW()), "="), 0), 0), _xlpm.Sellmeier, _xlfn.LAMBDA(_xlpm.λ, _xlpm.a_1*_xlpm.λ^2/(_xlpm.λ^2-_xlpm.a_4) + _xlpm.a_2*_xlpm.λ^2/(_xlpm.λ^2-_xlpm.a_5) + _xlpm.a_3*_xlpm.λ^2/(_xlpm.λ^2-_xlpm.a_6)), _xlpm.Schott, _xlfn.LAMBDA(_xlpm.λ, _xlpm.a_1 + _xlpm.a_2*(_xlpm.λ^2) + _xlpm.b_1*(_xlpm.λ^4) + _xlpm.a_3*(_xlpm.λ^-2) + _xlpm.a_4*(_xlpm.λ^-4) + _xlpm.a_5*(_xlpm.λ^-6) + _xlpm.a_6*(_xlpm.λ^-8)), IF(ISNUMBER(SEARCH("Sellmeier", _xlpm.EqName)), IF(ISNUMBER(SEARCH("Mod", _xlpm.EqName)), SQRT((2*_xlpm.Sellmeier(_xlpm.λX)+1)/(1-_xlpm.Sellmeier(_xlpm.λX))), SQRT(1+_xlpm.Sellmeier(_xlpm.λX)) ), IF(ISNUMBER(SEARCH("Schott", _xlpm.EqName)), SQRT(_xlpm.Schott(_xlpm.λX)), NA() ) ) )} -> 1.5163299 | J11: {=_xlfn.LET( _xlpm.λX, _xlfn.SWITCH(INDEX($2:$2, COLUMN()), "nC", Addendum!$A$37/1000, "nd", Addendum!$A$46/1000, "ne", Addendum!$A$47/1000, "nF", Addendum!$A$62/1000, "ng", Addendum!$A$69/1000, ), _xlpm.EqName, INDEX($S:$S, ROW()), _xlpm.a_1, INDEX($T:$T, ROW()), _xlpm.a_2, INDEX($U:$U, ROW()), _xlpm.a_3, INDEX($V:$V, ROW()), _xlpm.a_4, INDEX($W:$W, ROW()), _xlpm.a_5, INDEX($X:$X, ROW()), _xlpm.a_6, INDEX($Y:$Y, ROW()), _xlpm.b_1, IF(ISNUMBER(SEARCH("Schott 3/4", _xlpm.EqName)), IFERROR(_xlfn.TEXTAFTER(INDEX($AE:$AE, ROW()), "="), 0), 0), _xlpm.Sellmeier, _xlfn.LAMBDA(_xlpm.λ, _xlpm.a_1*_xlpm.λ^2/(_xlpm.λ^2-_xlpm.a_4) + _xlpm.a_2*_xlpm.λ^2/(_xlpm.λ^2-_xlpm.a_5) + _xlpm.a_3*_xlpm.λ^2/(_xlpm.λ^2-_xlpm.a_6)), _xlpm.Schott, _xlfn.LAMBDA(_xlpm.λ, _xlpm.a_1 + _xlpm.a_2*(_xlpm.λ^2) + _xlpm.b_1*(_xlpm.λ^4) + _xlpm.a_3*(_xlpm.λ^-2) + _xlpm.a_4*(_xlpm.λ^-4) + _xlpm.a_5*(_xlpm.λ^-6) + _xlpm.a_6*(_xlpm.λ^-8)), IF(ISNUMBER(SEARCH("Sellmeier", _xlpm.EqName)), IF(ISNUMBER(SEARCH("Mod", _xlpm.EqName)), SQRT((2*_xlpm.Sellmeier(_xlpm.λX)+1)/(1-_xlpm.Sellmeier(_xlpm.λX))), SQRT(1+_xlpm.Sellmeier(_xlpm.λX)) ), IF(ISNUMBER(SEARCH("Schott", _xlpm.EqName)), SQRT(_xlpm.Schott(_xlpm.λX)), NA() ) ) )} -> 1.5182508 | K11: {=_xlfn.LET( _xlpm.λX, _xlfn.SWITCH(INDEX($2:$2, COLUMN()), "nC", Addendum!$A$37/1000, "nd", Addendum!$A$46/1000, "ne", Addendum!$A$47/1000, "nF", Addendum!$A$62/1000, "ng", Addendum!$A$69/1000, ), _xlpm.EqName, INDEX($S:$S, ROW()), _xlpm.a_1, INDEX($T:$T, ROW()), _xlpm.a_2, INDEX($U:$U, ROW()), _xlpm.a_3, INDEX($V:$V, ROW()), _xlpm.a_4, INDEX($W:$W, ROW()), _xlpm.a_5, INDEX($X:$X, ROW()), _xlpm.a_6, INDEX($Y:$Y, ROW()), _xlpm.b_1, IF(ISNUMBER(SEARCH("Schott 3/4", _xlpm.EqName)), IFERROR(_xlfn.TEXTAFTER(INDEX($AE:$AE, ROW()), "="), 0), 0), _xlpm.Sellmeier, _xlfn.LAMBDA(_xlpm.λ, _xlpm.a_1*_xlpm.λ^2/(_xlpm.λ^2-_xlpm.a_4) + _xlpm.a_2*_xlpm.λ^2/(_xlpm.λ^2-_xlpm.a_5) + _xlpm.a_3*_xlpm.λ^2/(_xlpm.λ^2-_xlpm.a_6)), _xlpm.Schott, _xlfn.LAMBDA(_xlpm.λ, _xlpm.a_1 + _xlpm.a_2*(_xlpm.λ^2) + _xlpm.b_1*(_xlpm.λ^4) + _xlpm.a_3*(_xlpm.λ^-2) + _xlpm.a_4*(_xlpm.λ^-4) + _xlpm.a_5*(_xlpm.λ^-6) + _xlpm.a_6*(_xlpm.λ^-8)), IF(ISNUMBER(SEARCH("Sellmeier", _xlpm.EqName)), IF(ISNUMBER(SEARCH("Mod", _xlpm.EqName)), SQRT((2*_xlpm.Sellmeier(_xlpm.λX)+1)/(1-_xlpm.Sellmeier(_xlpm.λX))), SQRT(1+_xlpm.Sellmeier(_xlpm.λX)) ), IF(ISNUMBER(SEARCH("Schott", _xlpm.EqName)), SQRT(_xlpm.Schott(_xlpm.λX)), NA() ) ) )} -> 1.5219048 | L11: {=_xlfn.LET( _xlpm.λX, _xlfn.SWITCH(INDEX($2:$2, COLUMN()), "nC", Addendum!$A$37/1000, "nd", Addendum!$A$46/1000, "ne", Addendum!$A$47/1000, "nF", Addendum!$A$62/1000, "ng", Addendum!$A$69/1000, ), _xlpm.EqName, INDEX($S:$S, ROW()), _xlpm.a_1, INDEX($T:$T, ROW()), _xlpm.a_2, INDEX($U:$U, ROW()), _xlpm.a_3, INDEX($V:$V, ROW()), _xlpm.a_4, INDEX($W:$W, ROW()), _xlpm.a_5, INDEX($X:$X, ROW()), _xlpm.a_6, INDEX($Y:$Y, ROW()), _xlpm.b_1, IF(ISNUMBER(SEARCH("Schott 3/4", _xlpm.EqName)), IFERROR(_xlfn.TEXTAFTER(INDEX($AE:$AE, ROW()), "="), 0), 0), _xlpm.Sellmeier, _xlfn.LAMBDA(_xlpm.λ, _xlpm.a_1*_xlpm.λ^2/(_xlpm.λ^2-_xlpm.a_4) + _xlpm.a_2*_xlpm.λ^2/(_xlpm.λ^2-_xlpm.a_5) + _xlpm.a_3*_xlpm.λ^2/(_xlpm.λ^2-_xlpm.a_6)), _xlpm.Schott, _xlfn.LAMBDA(_xlpm.λ, _xlpm.a_1 + _xlpm.a_2*(_xlpm.λ^2) + _xlpm.b_1*(_xlpm.λ^4) + _xlpm.a_3*(_xlpm.λ^-2) + _xlpm.a_4*(_xlpm.λ^-4) + _xlpm.a_5*(_xlpm.λ^-6) + _xlpm.a_6*(_xlpm.λ^-8)), IF(ISNUMBER(SEARCH("Sellmeier", _xlpm.EqName)), IF(ISNUMBER(SEARCH("Mod", _xlpm.EqName)), SQRT((2*_xlpm.Sellmeier(_xlpm.λX)+1)/(1-_xlpm.Sellmeier(_xlpm.λX))), SQRT(1+_xlpm.Sellmeier(_xlpm.λX)) ), IF(ISNUMBER(SEARCH("Schott", _xlpm.EqName)), SQRT(_xlpm.Schott(_xlpm.λX)), NA() ) ) )} -> 1.526214 | M11: =K11-H11 -> 0.0080496978 | N11: =I11-H11 -> 0.0024747766 | O11: =L11-K11 -> 0.0043091767 | P11: =(I11-H11)/M11 -> 0.3074372 | Q11: =(L11-K11)/M11 -> 0.53532155 | R11: -0.0024 | S11: Sellmeier 3 | T11: 1.1515019 | U11: 0.11858361 | V11: 1.2630136 | W11: 0.010598413 | X11: -0.011822519 | Y11: 129.61766 | Z11: 2.52 | AA11: 569 | AB11: 718 | AC11: Not Specified | AD11: Recommended
A12: 10 | B12: Ohara | C12: SiO | D12: S-BSM 2 | E12: =I12 -> 1.6073789 | F12: =(I12-1)/M12 -> 56.816752 | G12: {=_xlfn.LET( _xlpm.λe, Addendum!$A$47/1000, _xlpm.λF, Addendum!$A$63/1000, _xlpm.λC, Addendum!$A$38/1000, _xlpm.EqName, INDEX($S:$S, ROW()), _xlpm.a_1, INDEX($T:$T, ROW()), _xlpm.a_2, INDEX($U:$U, ROW()), _xlpm.a_3, INDEX($V:$V, ROW()), _xlpm.a_4, INDEX($W:$W, ROW()), _xlpm.a_5, INDEX($X:$X, ROW()), _xlpm.a_6, INDEX($Y:$Y, ROW()), _xlpm.b_1, IF(ISNUMBER(SEARCH("Schott 3/4", _xlpm.EqName)), IFERROR(_xlfn.TEXTAFTER(INDEX($AE:$AE, ROW()), "="), 0), 0), _xlpm.Sellmeier, _xlfn.LAMBDA(_xlpm.λ, _xlpm.a_1*_xlpm.λ^2/(_xlpm.λ^2-_xlpm.a_4) + _xlpm.a_2*_xlpm.λ^2/(_xlpm.λ^2-_xlpm.a_5) + _xlpm.a_3*_xlpm.λ^2/(_xlpm.λ^2-_xlpm.a_6)), _xlpm.Schott, _xlfn.LAMBDA(_xlpm.λ, _xlpm.a_1 + _xlpm.a_2*(_xlpm.λ^2) + _xlpm.b_1*(_xlpm.λ^4) + _xlpm.a_3*(_xlpm.λ^-2) + _xlpm.a_4*(_xlpm.λ^-4) + _xlpm.a_5*(_xlpm.λ^-6) + _xlpm.a_6*(_xlpm.λ^-8)), _xlpm.RefrIndex, _xlfn.LAMBDA(_xlpm.λ, IF(ISNUMBER(SEARCH("Sellmeier", _xlpm.EqName)), IF(ISNUMBER(SEARCH("Mod", _xlpm.EqName)), SQRT((2*_xlpm.Sellmeier(_xlpm.λ)+1)/(1-_xlpm.Sellmeier(_xlpm.λ))), SQRT(1+_xlpm.Sellmeier(_xlpm.λ)) ), IF(ISNUMBER(SEARCH("Schott", _xlpm.EqName)), SQRT(_xlpm.Schott(_xlpm.λ)), NA() ) ) ), _xlpm.ne, _xlpm.RefrIndex(_xlpm.λe), _xlpm.nF, _xlpm.RefrIndex(_xlpm.λF), _xlpm.nC, _xlpm.RefrIndex(_xlpm.λC), (_xlpm.ne - 1)/(_xlpm.nF - _xlpm.nC) )} -> 56.52905 | H12: {=_xlfn.LET( _xlpm.λX, _xlfn.SWITCH(INDEX($2:$2, COLUMN()), "nC", Addendum!$A$37/1000, "nd", Addendum!$A$46/1000, "ne", Addendum!$A$47/1000, "nF", Addendum!$A$62/1000, "ng", Addendum!$A$69/1000, ), _xlpm.EqName, INDEX($S:$S, ROW()), _xlpm.a_1, INDEX($T:$T, ROW()), _xlpm.a_2, INDEX($U:$U, ROW()), _xlpm.a_3, INDEX($V:$V, ROW()), _xlpm.a_4, INDEX($W:$W, ROW()), _xlpm.a_5, INDEX($X:$X, ROW()), _xlpm.a_6, INDEX($Y:$Y, ROW()), _xlpm.b_1, IF(ISNUMBER(SEARCH("Schott 3/4", _xlpm.EqName)), IFERROR(_xlfn.TEXTAFTER(INDEX($AE:$AE, ROW()), "="), 0), 0), _xlpm.Sellmeier, _xlfn.LAMBDA(_xlpm.λ, _xlpm.a_1*_xlpm.λ^2/(_xlpm.λ^2-_xlpm.a_4) + _xlpm.a_2*_xlpm.λ^2/(_xlpm.λ^2-_xlpm.a_5) + _xlpm.a_3*_xlpm.λ^2/(_xlpm.λ^2-_xlpm.a_6)), _xlpm.Schott, _xlfn.LAMBDA(_xlpm.λ, _xlpm.a_1 + _xlpm.a_2*(_xlpm.λ^2) + _xlpm.b_1*(_xlpm.λ^4) + _xlpm.a_3*(_xlpm.λ^-2) + _xlpm.a_4*(_xlpm.λ^-4) + _xlpm.a_5*(_xlpm.λ^-6) + _xlpm.a_6*(_xlpm.λ^-8)), IF(ISNUMBER(SEARCH("Sellmeier", _xlpm.EqName)), IF(ISNUMBER(SEARCH("Mod", _xlpm.EqName)), SQRT((2*_xlpm.Sellmeier(_xlpm.λX)+1)/(1-_xlpm.Sellmeier(_xlpm.λX))), SQRT(1+_xlpm.Sellmeier(_xlpm.λX)) ), IF(ISNUMBER(SEARCH("Schott", _xlpm.EqName)), SQRT(_xlpm.Schott(_xlpm.λX)), NA() ) ) )} -> 1.6041442 | I12: {=_xlfn.LET( _xlpm.λX, _xlfn.SWITCH(INDEX($2:$2, COLUMN()), "nC", Addendum!$A$37/1000, "nd", Addendum!$A$46/1000, "ne", Addendum!$A$47/1000, "nF", Addendum!$A$62/1000, "ng", Addendum!$A$69/1000, ), _xlpm.EqName, INDEX($S:$S, ROW()), _xlpm.a_1, INDEX($T:$T, ROW()), _xlpm.a_2, INDEX($U:$U, ROW()), _xlpm.a_3, INDEX($V:$V, ROW()), _xlpm.a_4, INDEX($W:$W, ROW()), _xlpm.a_5, INDEX($X:$X, ROW()), _xlpm.a_6, INDEX($Y:$Y, ROW()), _xlpm.b_1, IF(ISNUMBER(SEARCH("Schott 3/4", _xlpm.EqName)), IFERROR(_xlfn.TEXTAFTER(INDEX($AE:$AE, ROW()), "="), 0), 0), _xlpm.Sellmeier, _xlfn.LAMBDA(_xlpm.λ, _xlpm.a_1*_xlpm.λ^2/(_xlpm.λ^2-_xlpm.a_4) + _xlpm.a_2*_xlpm.λ^2/(_xlpm.λ^2-_xlpm.a_5) + _xlpm.a_3*_xlpm.λ^2/(_xlpm.λ^2-_xlpm.a_6)), _xlpm.Schott, _xlfn.LAMBDA(_xlpm.λ, _xlpm.a_1 + _xlpm.a_2*(_xlpm.λ^2) + _xlpm.b_1*(_xlpm.λ^4) + _xlpm.a_3*(_xlpm.λ^-2) + _xlpm.a_4*(_xlpm.λ^-4) + _xlpm.a_5*(_xlpm.λ^-6) + _xlpm.a_6*(_xlpm.λ^-8)), IF(ISNUMBER(SEARCH("Sellmeier", _xlpm.EqName)), IF(ISNUMBER(SEARCH("Mod", _xlpm.EqName)), SQRT((2*_xlpm.Sellmeier(_xlpm.λX)+1)/(1-_xlpm.Sellmeier(_xlpm.λX))), SQRT(1+_xlpm.Sellmeier(_xlpm.λX)) ), IF(ISNUMBER(SEARCH("Schott", _xlpm.EqName)), SQRT(_xlpm.Schott(_xlpm.λX)), NA() ) ) )} -> 1.6073789 | J12: {=_xlfn.LET( _xlpm.λX, _xlfn.SWITCH(INDEX($2:$2, COLUMN()), "nC", Addendum!$A$37/1000, "nd", Addendum!$A$46/1000, "ne", Addendum!$A$47/1000, "nF", Addendum!$A$62/1000, "ng", Addendum!$A$69/1000, ), _xlpm.EqName, INDEX($S:$S, ROW()), _xlpm.a_1, INDEX($T:$T, ROW()), _xlpm.a_2, INDEX($U:$U, ROW()), _xlpm.a_3, INDEX($V:$V, ROW()), _xlpm.a_4, INDEX($W:$W, ROW()), _xlpm.a_5, INDEX($X:$X, ROW()), _xlpm.a_6, INDEX($Y:$Y, ROW()), _xlpm.b_1, IF(ISNUMBER(SEARCH("Schott 3/4", _xlpm.EqName)), IFERROR(_xlfn.TEXTAFTER(INDEX($AE:$AE, ROW()), "="), 0), 0), _xlpm.Sellmeier, _xlfn.LAMBDA(_xlpm.λ, _xlpm.a_1*_xlpm.λ^2/(_xlpm.λ^2-_xlpm.a_4) + _xlpm.a_2*_xlpm.λ^2/(_xlpm.λ^2-_xlpm.a_5) + _xlpm.a_3*_xlpm.λ^2/(_xlpm.λ^2-_xlpm.a_6)), _xlpm.Schott, _xlfn.LAMBDA(_xlpm.λ, _xlpm.a_1 + _xlpm.a_2*(_xlpm.λ^2) + _xlpm.b_1*(_xlpm.λ^4) + _xlpm.a_3*(_xlpm.λ^-2) + _xlpm.a_4*(_xlpm.λ^-4) + _xlpm.a_5*(_xlpm.λ^-6) + _xlpm.a_6*(_xlpm.λ^-8)), IF(ISNUMBER(SEARCH("Sellmeier", _xlpm.EqName)), IF(ISNUMBER(SEARCH("Mod", _xlpm.EqName)), SQRT((2*_xlpm.Sellmeier(_xlpm.λX)+1)/(1-_xlpm.Sellmeier(_xlpm.λX))), SQRT(1+_xlpm.Sellmeier(_xlpm.λX)) ), IF(ISNUMBER(SEARCH("Schott", _xlpm.EqName)), SQRT(_xlpm.Schott(_xlpm.λX)), NA() ) ) )} -> 1.6099267 | K12: {=_xlfn.LET( _xlpm.λX, _xlfn.SWITCH(INDEX($2:$2, COLUMN()), "nC", Addendum!$A$37/1000, "nd", Addendum!$A$46/1000, "ne", Addendum!$A$47/1000, "nF", Addendum!$A$62/1000, "ng", Addendum!$A$69/1000, ), _xlpm.EqName, INDEX($S:$S, ROW()), _xlpm.a_1, INDEX($T:$T, ROW()), _xlpm.a_2, INDEX($U:$U, ROW()), _xlpm.a_3, INDEX($V:$V, ROW()), _xlpm.a_4, INDEX($W:$W, ROW()), _xlpm.a_5, INDEX($X:$X, ROW()), _xlpm.a_6, INDEX($Y:$Y, ROW()), _xlpm.b_1, IF(ISNUMBER(SEARCH("Schott 3/4", _xlpm.EqName)), IFERROR(_xlfn.TEXTAFTER(INDEX($AE:$AE, ROW()), "="), 0), 0), _xlpm.Sellmeier, _xlfn.LAMBDA(_xlpm.λ, _xlpm.a_1*_xlpm.λ^2/(_xlpm.λ^2-_xlpm.a_4) + _xlpm.a_2*_xlpm.λ^2/(_xlpm.λ^2-_xlpm.a_5) + _xlpm.a_3*_xlpm.λ^2/(_xlpm.λ^2-_xlpm.a_6)), _xlpm.Schott, _xlfn.LAMBDA(_xlpm.λ, _xlpm.a_1 + _xlpm.a_2*(_xlpm.λ^2) + _xlpm.b_1*(_xlpm.λ^4) + _xlpm.a_3*(_xlpm.λ^-2) + _xlpm.a_4*(_xlpm.λ^-4) + _xlpm.a_5*(_xlpm.λ^-6) + _xlpm.a_6*(_xlpm.λ^-8)), IF(ISNUMBER(SEARCH("Sellmeier", _xlpm.EqName)), IF(ISNUMBER(SEARCH("Mod", _xlpm.EqName)), SQRT((2*_xlpm.Sellmeier(_xlpm.λX)+1)/(1-_xlpm.Sellmeier(_xlpm.λX))), SQRT(1+_xlpm.Sellmeier(_xlpm.λX)) ), IF(ISNUMBER(SEARCH("Schott", _xlpm.EqName)), SQRT(_xlpm.Schott(_xlpm.λX)), NA() ) ) )} -> 1.6148344 | L12: {=_xlfn.LET( _xlpm.λX, _xlfn.SWITCH(INDEX($2:$2, COLUMN()), "nC", Addendum!$A$37/1000, "nd", Addendum!$A$46/1000, "ne", Addendum!$A$47/1000, "nF", Addendum!$A$62/1000, "ng", Addendum!$A$69/1000, ), _xlpm.EqName, INDEX($S:$S, ROW()), _xlpm.a_1, INDEX($T:$T, ROW()), _xlpm.a_2, INDEX($U:$U, ROW()), _xlpm.a_3, INDEX($V:$V, ROW()), _xlpm.a_4, INDEX($W:$W, ROW()), _xlpm.a_5, INDEX($X:$X, ROW()), _xlpm.a_6, INDEX($Y:$Y, ROW()), _xlpm.b_1, IF(ISNUMBER(SEARCH("Schott 3/4", _xlpm.EqName)), IFERROR(_xlfn.TEXTAFTER(INDEX($AE:$AE, ROW()), "="), 0), 0), _xlpm.Sellmeier, _xlfn.LAMBDA(_xlpm.λ, _xlpm.a_1*_xlpm.λ^2/(_xlpm.λ^2-_xlpm.a_4) + _xlpm.a_2*_xlpm.λ^2/(_xlpm.λ^2-_xlpm.a_5) + _xlpm.a_3*_xlpm.λ^2/(_xlpm.λ^2-_xlpm.a_6)), _xlpm.Schott, _xlfn.LAMBDA(_xlpm.λ, _xlpm.a_1 + _xlpm.a_2*(_xlpm.λ^2) + _xlpm.b_1*(_xlpm.λ^4) + _xlpm.a_3*(_xlpm.λ^-2) + _xlpm.a_4*(_xlpm.λ^-4) + _xlpm.a_5*(_xlpm.λ^-6) + _xlpm.a_6*(_xlpm.λ^-8)), IF(ISNUMBER(SEARCH("Sellmeier", _xlpm.EqName)), IF(ISNUMBER(SEARCH("Mod", _xlpm.EqName)), SQRT((2*_xlpm.Sellmeier(_xlpm.λX)+1)/(1-_xlpm.Sellmeier(_xlpm.λX))), SQRT(1+_xlpm.Sellmeier(_xlpm.λX)) ), IF(ISNUMBER(SEARCH("Schott", _xlpm.EqName)), SQRT(_xlpm.Schott(_xlpm.λX)), NA() ) ) )} -> 1.6206971 | M12: =K12-H12 -> 0.010690138 | N12: =I12-H12 -> 0.0032346664 | O12: =L12-K12 -> 0.0058626808 | P12: =(I12-H12)/M12 -> 0.30258417 | Q12: =(L12-K12)/M12 -> 0.54841958 | R12: -0.0013 | S12: Sellmeier 3 | T12: 0.86716868 | U12: 0.67284834 | V12: 1.1845611 | W12: 0.00369311 | X12: 0.01816528 | Y12: 132.37615 | Z12: 3.53 | AA12: 659 | AB12: 778 | AC12: Not Specified | AD12: Recommended
A13: 11 | B13: Ohara | C13: SiO | D13: S-BSM10 | E13: =I13 -> 1.6227989 | F13: =(I13-1)/M13 -> 57.0534 | G13: {=_xlfn.LET( _xlpm.λe, Addendum!$A$47/1000, _xlpm.λF, Addendum!$A$63/1000, _xlpm.λC, Addendum!$A$38/1000, _xlpm.EqName, INDEX($S:$S, ROW()), _xlpm.a_1, INDEX($T:$T, ROW()), _xlpm.a_2, INDEX($U:$U, ROW()), _xlpm.a_3, INDEX($V:$V, ROW()), _xlpm.a_4, INDEX($W:$W, ROW()), _xlpm.a_5, INDEX($X:$X, ROW()), _xlpm.a_6, INDEX($Y:$Y, ROW()), _xlpm.b_1, IF(ISNUMBER(SEARCH("Schott 3/4", _xlpm.EqName)), IFERROR(_xlfn.TEXTAFTER(INDEX($AE:$AE, ROW()), "="), 0), 0), _xlpm.Sellmeier, _xlfn.LAMBDA(_xlpm.λ, _xlpm.a_1*_xlpm.λ^2/(_xlpm.λ^2-_xlpm.a_4) + _xlpm.a_2*_xlpm.λ^2/(_xlpm.λ^2-_xlpm.a_5) + _xlpm.a_3*_xlpm.λ^2/(_xlpm.λ^2-_xlpm.a_6)), _xlpm.Schott, _xlfn.LAMBDA(_xlpm.λ, _xlpm.a_1 + _xlpm.a_2*(_xlpm.λ^2) + _xlpm.b_1*(_xlpm.λ^4) + _xlpm.a_3*(_xlpm.λ^-2) + _xlpm.a_4*(_xlpm.λ^-4) + _xlpm.a_5*(_xlpm.λ^-6) + _xlpm.a_6*(_xlpm.λ^-8)), _xlpm.RefrIndex, _xlfn.LAMBDA(_xlpm.λ, IF(ISNUMBER(SEARCH("Sellmeier", _xlpm.EqName)), IF(ISNUMBER(SEARCH("Mod", _xlpm.EqName)), SQRT((2*_xlpm.Sellmeier(_xlpm.λ)+1)/(1-_xlpm.Sellmeier(_xlpm.λ))), SQRT(1+_xlpm.Sellmeier(_xlpm.λ)) ), IF(ISNUMBER(SEARCH("Schott", _xlpm.EqName)), SQRT(_xlpm.Schott(_xlpm.λ)), NA() ) ) ), _xlpm.ne, _xlpm.RefrIndex(_xlpm.λe), _xlpm.nF, _xlpm.RefrIndex(_xlpm.λF), _xlpm.nC, _xlpm.RefrIndex(_xlpm.λC), (_xlpm.ne - 1)/(_xlpm.nF - _xlpm.nC) )} -> 56.78066 | H13: {=_xlfn.LET( _xlpm.λX, _xlfn.SWITCH(INDEX($2:$2, COLUMN()), "nC", Addendum!$A$37/1000, "nd", Addendum!$A$46/1000, "ne", Addendum!$A$47/1000, "nF", Addendum!$A$62/1000, "ng", Addendum!$A$69/1000, ), _xlpm.EqName, INDEX($S:$S, ROW()), _xlpm.a_1, INDEX($T:$T, ROW()), _xlpm.a_2, INDEX($U:$U, ROW()), _xlpm.a_3, INDEX($V:$V, ROW()), _xlpm.a_4, INDEX($W:$W, ROW()), _xlpm.a_5, INDEX($X:$X, ROW()), _xlpm.a_6, INDEX($Y:$Y, ROW()), _xlpm.b_1, IF(ISNUMBER(SEARCH("Schott 3/4", _xlpm.EqName)), IFERROR(_xlfn.TEXTAFTER(INDEX($AE:$AE, ROW()), "="), 0), 0), _xlpm.Sellmeier, _xlfn.LAMBDA(_xlpm.λ, _xlpm.a_1*_xlpm.λ^2/(_xlpm.λ^2-_xlpm.a_4) + _xlpm.a_2*_xlpm.λ^2/(_xlpm.λ^2-_xlpm.a_5) + _xlpm.a_3*_xlpm.λ^2/(_xlpm.λ^2-_xlpm.a_6)), _xlpm.Schott, _xlfn.LAMBDA(_xlpm.λ, _xlpm.a_1 + _xlpm.a_2*(_xlpm.λ^2) + _xlpm.b_1*(_xlpm.λ^4) + _xlpm.a_3*(_xlpm.λ^-2) + _xlpm.a_4*(_xlpm.λ^-4) + _xlpm.a_5*(_xlpm.λ^-6) + _xlpm.a_6*(_xlpm.λ^-8)), IF(ISNUMBER(SEARCH("Sellmeier", _xlpm.EqName)), IF(ISNUMBER(SEARCH("Mod", _xlpm.EqName)), SQRT((2*_xlpm.Sellmeier(_xlpm.λX)+1)/(1-_xlpm.Sellmeier(_xlpm.λX))), SQRT(1+_xlpm.Sellmeier(_xlpm.λX)) ), IF(ISNUMBER(SEARCH("Schott", _xlpm.EqName)), SQRT(_xlpm.Schott(_xlpm.λX)), NA() ) ) )} -> 1.6194889 | I13: {=_xlfn.LET( _xlpm.λX, _xlfn.SWITCH(INDEX($2:$2, COLUMN()), "nC", Addendum!$A$37/1000, "nd", Addendum!$A$46/1000, "ne", Addendum!$A$47/1000, "nF", Addendum!$A$62/1000, "ng", Addendum!$A$69/1000, ), _xlpm.EqName, INDEX($S:$S, ROW()), _xlpm.a_1, INDEX($T:$T, ROW()), _xlpm.a_2, INDEX($U:$U, ROW()), _xlpm.a_3, INDEX($V:$V, ROW()), _xlpm.a_4, INDEX($W:$W, ROW()), _xlpm.a_5, INDEX($X:$X, ROW()), _xlpm.a_6, INDEX($Y:$Y, ROW()), _xlpm.b_1, IF(ISNUMBER(SEARCH("Schott 3/4", _xlpm.EqName)), IFERROR(_xlfn.TEXTAFTER(INDEX($AE:$AE, ROW()), "="), 0), 0), _xlpm.Sellmeier, _xlfn.LAMBDA(_xlpm.λ, _xlpm.a_1*_xlpm.λ^2/(_xlpm.λ^2-_xlpm.a_4) + _xlpm.a_2*_xlpm.λ^2/(_xlpm.λ^2-_xlpm.a_5) + _xlpm.a_3*_xlpm.λ^2/(_xlpm.λ^2-_xlpm.a_6)), _xlpm.Schott, _xlfn.LAMBDA(_xlpm.λ, _xlpm.a_1 + _xlpm.a_2*(_xlpm.λ^2) + _xlpm.b_1*(_xlpm.λ^4) + _xlpm.a_3*(_xlpm.λ^-2) + _xlpm.a_4*(_xlpm.λ^-4) + _xlpm.a_5*(_xlpm.λ^-6) + _xlpm.a_6*(_xlpm.λ^-8)), IF(ISNUMBER(SEARCH("Sellmeier", _xlpm.EqName)), IF(ISNUMBER(SEARCH("Mod", _xlpm.EqName)), SQRT((2*_xlpm.Sellmeier(_xlpm.λX)+1)/(1-_xlpm.Sellmeier(_xlpm.λX))), SQRT(1+_xlpm.Sellmeier(_xlpm.λX)) ), IF(ISNUMBER(SEARCH("Schott", _xlpm.EqName)), SQRT(_xlpm.Schott(_xlpm.λX)), NA() ) ) )} -> 1.6227989 | J13: {=_xlfn.LET( _xlpm.λX, _xlfn.SWITCH(INDEX($2:$2, COLUMN()), "nC", Addendum!$A$37/1000, "nd", Addendum!$A$46/1000, "ne", Addendum!$A$47/1000, "nF", Addendum!$A$62/1000, "ng", Addendum!$A$69/1000, ), _xlpm.EqName, INDEX($S:$S, ROW()), _xlpm.a_1, INDEX($T:$T, ROW()), _xlpm.a_2, INDEX($U:$U, ROW()), _xlpm.a_3, INDEX($V:$V, ROW()), _xlpm.a_4, INDEX($W:$W, ROW()), _xlpm.a_5, INDEX($X:$X, ROW()), _xlpm.a_6, INDEX($Y:$Y, ROW()), _xlpm.b_1, IF(ISNUMBER(SEARCH("Schott 3/4", _xlpm.EqName)), IFERROR(_xlfn.TEXTAFTER(INDEX($AE:$AE, ROW()), "="), 0), 0), _xlpm.Sellmeier, _xlfn.LAMBDA(_xlpm.λ, _xlpm.a_1*_xlpm.λ^2/(_xlpm.λ^2-_xlpm.a_4) + _xlpm.a_2*_xlpm.λ^2/(_xlpm.λ^2-_xlpm.a_5) + _xlpm.a_3*_xlpm.λ^2/(_xlpm.λ^2-_xlpm.a_6)), _xlpm.Schott, _xlfn.LAMBDA(_xlpm.λ, _xlpm.a_1 + _xlpm.a_2*(_xlpm.λ^2) + _xlpm.b_1*(_xlpm.λ^4) + _xlpm.a_3*(_xlpm.λ^-2) + _xlpm.a_4*(_xlpm.λ^-4) + _xlpm.a_5*(_xlpm.λ^-6) + _xlpm.a_6*(_xlpm.λ^-8)), IF(ISNUMBER(SEARCH("Sellmeier", _xlpm.EqName)), IF(ISNUMBER(SEARCH("Mod", _xlpm.EqName)), SQRT((2*_xlpm.Sellmeier(_xlpm.λX)+1)/(1-_xlpm.Sellmeier(_xlpm.λX))), SQRT(1+_xlpm.Sellmeier(_xlpm.λX)) ), IF(ISNUMBER(SEARCH("Schott", _xlpm.EqName)), SQRT(_xlpm.Schott(_xlpm.λX)), NA() ) ) )} -> 1.6254012 | K13: {=_xlfn.LET( _xlpm.λX, _xlfn.SWITCH(INDEX($2:$2, COLUMN()), "nC", Addendum!$A$37/1000, "nd", Addendum!$A$46/1000, "ne", Addendum!$A$47/1000, "nF", Addendum!$A$62/1000, "ng", Addendum!$A$69/1000, ), _xlpm.EqName, INDEX($S:$S, ROW()), _xlpm.a_1, INDEX($T:$T, ROW()), _xlpm.a_2, INDEX($U:$U, ROW()), _xlpm.a_3, INDEX($V:$V, ROW()), _xlpm.a_4, INDEX($W:$W, ROW()), _xlpm.a_5, INDEX($X:$X, ROW()), _xlpm.a_6, INDEX($Y:$Y, ROW()), _xlpm.b_1, IF(ISNUMBER(SEARCH("Schott 3/4", _xlpm.EqName)), IFERROR(_xlfn.TEXTAFTER(INDEX($AE:$AE, ROW()), "="), 0), 0), _xlpm.Sellmeier, _xlfn.LAMBDA(_xlpm.λ, _xlpm.a_1*_xlpm.λ^2/(_xlpm.λ^2-_xlpm.a_4) + _xlpm.a_2*_xlpm.λ^2/(_xlpm.λ^2-_xlpm.a_5) + _xlpm.a_3*_xlpm.λ^2/(_xlpm.λ^2-_xlpm.a_6)), _xlpm.Schott, _xlfn.LAMBDA(_xlpm.λ, _xlpm.a_1 + _xlpm.a_2*(_xlpm.λ^2) + _xlpm.b_1*(_xlpm.λ^4) + _xlpm.a_3*(_xlpm.λ^-2) + _xlpm.a_4*(_xlpm.λ^-4) + _xlpm.a_5*(_xlpm.λ^-6) + _xlpm.a_6*(_xlpm.λ^-8)), IF(ISNUMBER(SEARCH("Sellmeier", _xlpm.EqName)), IF(ISNUMBER(SEARCH("Mod", _xlpm.EqName)), SQRT((2*_xlpm.Sellmeier(_xlpm.λX)+1)/(1-_xlpm.Sellmeier(_xlpm.λX))), SQRT(1+_xlpm.Sellmeier(_xlpm.λX)) ), IF(ISNUMBER(SEARCH("Schott", _xlpm.EqName)), SQRT(_xlpm.Schott(_xlpm.λX)), NA() ) ) )} -> 1.630405 | L13: {=_xlfn.LET( _xlpm.λX, _xlfn.SWITCH(INDEX($2:$2, COLUMN()), "nC", Addendum!$A$37/1000, "nd", Addendum!$A$46/1000, "ne", Addendum!$A$47/1000, "nF", Addendum!$A$62/1000, "ng", Addendum!$A$69/1000, ), _xlpm.EqName, INDEX($S:$S, ROW()), _xlpm.a_1, INDEX($T:$T, ROW()), _xlpm.a_2, INDEX($U:$U, ROW()), _xlpm.a_3, INDEX($V:$V, ROW()), _xlpm.a_4, INDEX($W:$W, ROW()), _xlpm.a_5, INDEX($X:$X, ROW()), _xlpm.a_6, INDEX($Y:$Y, ROW()), _xlpm.b_1, IF(ISNUMBER(SEARCH("Schott 3/4", _xlpm.EqName)), IFERROR(_xlfn.TEXTAFTER(INDEX($AE:$AE, ROW()), "="), 0), 0), _xlpm.Sellmeier, _xlfn.LAMBDA(_xlpm.λ, _xlpm.a_1*_xlpm.λ^2/(_xlpm.λ^2-_xlpm.a_4) + _xlpm.a_2*_xlpm.λ^2/(_xlpm.λ^2-_xlpm.a_5) + _xlpm.a_3*_xlpm.λ^2/(_xlpm.λ^2-_xlpm.a_6)), _xlpm.Schott, _xlfn.LAMBDA(_xlpm.λ, _xlpm.a_1 + _xlpm.a_2*(_xlpm.λ^2) + _xlpm.b_1*(_xlpm.λ^4) + _xlpm.a_3*(_xlpm.λ^-2) + _xlpm.a_4*(_xlpm.λ^-4) + _xlpm.a_5*(_xlpm.λ^-6) + _xlpm.a_6*(_xlpm.λ^-8)), IF(ISNUMBER(SEARCH("Sellmeier", _xlpm.EqName)), IF(ISNUMBER(SEARCH("Mod", _xlpm.EqName)), SQRT((2*_xlpm.Sellmeier(_xlpm.λX)+1)/(1-_xlpm.Sellmeier(_xlpm.λX))), SQRT(1+_xlpm.Sellmeier(_xlpm.λX)) ), IF(ISNUMBER(SEARCH("Schott", _xlpm.EqName)), SQRT(_xlpm.Schott(_xlpm.λX)), NA() ) ) )} -> 1.6363697 | M13: =K13-H13 -> 0.01091607 | N13: =I13-H13 -> 0.0033099515 | O13: =L13-K13 -> 0.0059646755 | P13: =(I13-H13)/M13 -> 0.30321824 | Q13: =(L13-K13)/M13 -> 0.54641237 | R13: -0.0028 | S13: Sellmeier 3 | T13: 0.94544308 | U13: 0.64323738 | V13: 1.1775297 | W13: 0.01572638 | X13: 0.0016192407 | Y13: 121.36175 | Z13: 3.6 | AA13: 674 | AB13: 773 | AC13: Not Specified | AD13: Recommended
A14: 12 | B14: Ohara | C14: SiO | D14: S-BSM14 | E14: =I14 -> 1.6031119 | F14: =(I14-1)/M14 -> 60.641794 | G14: {=_xlfn.LET( _xlpm.λe, Addendum!$A$47/1000, _xlpm.λF, Addendum!$A$63/1000, _xlpm.λC, Addendum!$A$38/1000, _xlpm.EqName, INDEX($S:$S, ROW()), _xlpm.a_1, INDEX($T:$T, ROW()), _xlpm.a_2, INDEX($U:$U, ROW()), _xlpm.a_3, INDEX($V:$V, ROW()), _xlpm.a_4, INDEX($W:$W, ROW()), _xlpm.a_5, INDEX($X:$X, ROW()), _xlpm.a_6, INDEX($Y:$Y, ROW()), _xlpm.b_1, IF(ISNUMBER(SEARCH("Schott 3/4", _xlpm.EqName)), IFERROR(_xlfn.TEXTAFTER(INDEX($AE:$AE, ROW()), "="), 0), 0), _xlpm.Sellmeier, _xlfn.LAMBDA(_xlpm.λ, _xlpm.a_1*_xlpm.λ^2/(_xlpm.λ^2-_xlpm.a_4) + _xlpm.a_2*_xlpm.λ^2/(_xlpm.λ^2-_xlpm.a_5) + _xlpm.a_3*_xlpm.λ^2/(_xlpm.λ^2-_xlpm.a_6)), _xlpm.Schott, _xlfn.LAMBDA(_xlpm.λ, _xlpm.a_1 + _xlpm.a_2*(_xlpm.λ^2) + _xlpm.b_1*(_xlpm.λ^4) + _xlpm.a_3*(_xlpm.λ^-2) + _xlpm.a_4*(_xlpm.λ^-4) + _xlpm.a_5*(_xlpm.λ^-6) + _xlpm.a_6*(_xlpm.λ^-8)), _xlpm.RefrIndex, _xlfn.LAMBDA(_xlpm.λ, IF(ISNUMBER(SEARCH("Sellmeier", _xlpm.EqName)), IF(ISNUMBER(SEARCH("Mod", _xlpm.EqName)), SQRT((2*_xlpm.Sellmeier(_xlpm.λ)+1)/(1-_xlpm.Sellmeier(_xlpm.λ))), SQRT(1+_xlpm.Sellmeier(_xlpm.λ)) ), IF(ISNUMBER(SEARCH("Schott", _xlpm.EqName)), SQRT(_xlpm.Schott(_xlpm.λ)), NA() ) ) ), _xlpm.ne, _xlpm.RefrIndex(_xlpm.λe), _xlpm.nF, _xlpm.RefrIndex(_xlpm.λF), _xlpm.nC, _xlpm.RefrIndex(_xlpm.λC), (_xlpm.ne - 1)/(_xlpm.nF - _xlpm.nC) )} -> 60.387093 | H14: {=_xlfn.LET( _xlpm.λX, _xlfn.SWITCH(INDEX($2:$2, COLUMN()), "nC", Addendum!$A$37/1000, "nd", Addendum!$A$46/1000, "ne", Addendum!$A$47/1000, "nF", Addendum!$A$62/1000, "ng", Addendum!$A$69/1000, ), _xlpm.EqName, INDEX($S:$S, ROW()), _xlpm.a_1, INDEX($T:$T, ROW()), _xlpm.a_2, INDEX($U:$U, ROW()), _xlpm.a_3, INDEX($V:$V, ROW()), _xlpm.a_4, INDEX($W:$W, ROW()), _xlpm.a_5, INDEX($X:$X, ROW()), _xlpm.a_6, INDEX($Y:$Y, ROW()), _xlpm.b_1, IF(ISNUMBER(SEARCH("Schott 3/4", _xlpm.EqName)), IFERROR(_xlfn.TEXTAFTER(INDEX($AE:$AE, ROW()), "="), 0), 0), _xlpm.Sellmeier, _xlfn.LAMBDA(_xlpm.λ, _xlpm.a_1*_xlpm.λ^2/(_xlpm.λ^2-_xlpm.a_4) + _xlpm.a_2*_xlpm.λ^2/(_xlpm.λ^2-_xlpm.a_5) + _xlpm.a_3*_xlpm.λ^2/(_xlpm.λ^2-_xlpm.a_6)), _xlpm.Schott, _xlfn.LAMBDA(_xlpm.λ, _xlpm.a_1 + _xlpm.a_2*(_xlpm.λ^2) + _xlpm.b_1*(_xlpm.λ^4) + _xlpm.a_3*(_xlpm.λ^-2) + _xlpm.a_4*(_xlpm.λ^-4) + _xlpm.a_5*(_xlpm.λ^-6) + _xlpm.a_6*(_xlpm.λ^-8)), IF(ISNUMBER(SEARCH("Sellmeier", _xlpm.EqName)), IF(ISNUMBER(SEARCH("Mod", _xlpm.EqName)), SQRT((2*_xlpm.Sellmeier(_xlpm.λX)+1)/(1-_xlpm.Sellmeier(_xlpm.λX))), SQRT(1+_xlpm.Sellmeier(_xlpm.λX)) ), IF(ISNUMBER(SEARCH("Schott", _xlpm.EqName)), SQRT(_xlpm.Schott(_xlpm.λX)), NA() ) ) )} -> 1.6000785 | I14: {=_xlfn.LET( _xlpm.λX, _xlfn.SWITCH(INDEX($2:$2, COLUMN()), "nC", Addendum!$A$37/1000, "nd", Addendum!$A$46/1000, "ne", Addendum!$A$47/1000, "nF", Addendum!$A$62/1000, "ng", Addendum!$A$69/1000, ), _xlpm.EqName, INDEX($S:$S, ROW()), _xlpm.a_1, INDEX($T:$T, ROW()), _xlpm.a_2, INDEX($U:$U, ROW()), _xlpm.a_3, INDEX($V:$V, ROW()), _xlpm.a_4, INDEX($W:$W, ROW()), _xlpm.a_5, INDEX($X:$X, ROW()), _xlpm.a_6, INDEX($Y:$Y, ROW()), _xlpm.b_1, IF(ISNUMBER(SEARCH("Schott 3/4", _xlpm.EqName)), IFERROR(_xlfn.TEXTAFTER(INDEX($AE:$AE, ROW()), "="), 0), 0), _xlpm.Sellmeier, _xlfn.LAMBDA(_xlpm.λ, _xlpm.a_1*_xlpm.λ^2/(_xlpm.λ^2-_xlpm.a_4) + _xlpm.a_2*_xlpm.λ^2/(_xlpm.λ^2-_xlpm.a_5) + _xlpm.a_3*_xlpm.λ^2/(_xlpm.λ^2-_xlpm.a_6)), _xlpm.Schott, _xlfn.LAMBDA(_xlpm.λ, _xlpm.a_1 + _xlpm.a_2*(_xlpm.λ^2) + _xlpm.b_1*(_xlpm.λ^4) + _xlpm.a_3*(_xlpm.λ^-2) + _xlpm.a_4*(_xlpm.λ^-4) + _xlpm.a_5*(_xlpm.λ^-6) + _xlpm.a_6*(_xlpm.λ^-8)), IF(ISNUMBER(SEARCH("Sellmeier", _xlpm.EqName)), IF(ISNUMBER(SEARCH("Mod", _xlpm.EqName)), SQRT((2*_xlpm.Sellmeier(_xlpm.λX)+1)/(1-_xlpm.Sellmeier(_xlpm.λX))), SQRT(1+_xlpm.Sellmeier(_xlpm.λX)) ), IF(ISNUMBER(SEARCH("Schott", _xlpm.EqName)), SQRT(_xlpm.Schott(_xlpm.λX)), NA() ) ) )} -> 1.6031119 | J14: {=_xlfn.LET( _xlpm.λX, _xlfn.SWITCH(INDEX($2:$2, COLUMN()), "nC", Addendum!$A$37/1000, "nd", Addendum!$A$46/1000, "ne", Addendum!$A$47/1000, "nF", Addendum!$A$62/1000, "ng", Addendum!$A$69/1000, ), _xlpm.EqName, INDEX($S:$S, ROW()), _xlpm.a_1, INDEX($T:$T, ROW()), _xlpm.a_2, INDEX($U:$U, ROW()), _xlpm.a_3, INDEX($V:$V, ROW()), _xlpm.a_4, INDEX($W:$W, ROW()), _xlpm.a_5, INDEX($X:$X, ROW()), _xlpm.a_6, INDEX($Y:$Y, ROW()), _xlpm.b_1, IF(ISNUMBER(SEARCH("Schott 3/4", _xlpm.EqName)), IFERROR(_xlfn.TEXTAFTER(INDEX($AE:$AE, ROW()), "="), 0), 0), _xlpm.Sellmeier, _xlfn.LAMBDA(_xlpm.λ, _xlpm.a_1*_xlpm.λ^2/(_xlpm.λ^2-_xlpm.a_4) + _xlpm.a_2*_xlpm.λ^2/(_xlpm.λ^2-_xlpm.a_5) + _xlpm.a_3*_xlpm.λ^2/(_xlpm.λ^2-_xlpm.a_6)), _xlpm.Schott, _xlfn.LAMBDA(_xlpm.λ, _xlpm.a_1 + _xlpm.a_2*(_xlpm.λ^2) + _xlpm.b_1*(_xlpm.λ^4) + _xlpm.a_3*(_xlpm.λ^-2) + _xlpm.a_4*(_xlpm.λ^-4) + _xlpm.a_5*(_xlpm.λ^-6) + _xlpm.a_6*(_xlpm.λ^-8)), IF(ISNUMBER(SEARCH("Sellmeier", _xlpm.EqName)), IF(ISNUMBER(SEARCH("Mod", _xlpm.EqName)), SQRT((2*_xlpm.Sellmeier(_xlpm.λX)+1)/(1-_xlpm.Sellmeier(_xlpm.λX))), SQRT(1+_xlpm.Sellmeier(_xlpm.λX)) ), IF(ISNUMBER(SEARCH("Schott", _xlpm.EqName)), SQRT(_xlpm.Schott(_xlpm.λX)), NA() ) ) )} -> 1.605484 | K14: {=_xlfn.LET( _xlpm.λX, _xlfn.SWITCH(INDEX($2:$2, COLUMN()), "nC", Addendum!$A$37/1000, "nd", Addendum!$A$46/1000, "ne", Addendum!$A$47/1000, "nF", Addendum!$A$62/1000, "ng", Addendum!$A$69/1000, ), _xlpm.EqName, INDEX($S:$S, ROW()), _xlpm.a_1, INDEX($T:$T, ROW()), _xlpm.a_2, INDEX($U:$U, ROW()), _xlpm.a_3, INDEX($V:$V, ROW()), _xlpm.a_4, INDEX($W:$W, ROW()), _xlpm.a_5, INDEX($X:$X, ROW()), _xlpm.a_6, INDEX($Y:$Y, ROW()), _xlpm.b_1, IF(ISNUMBER(SEARCH("Schott 3/4", _xlpm.EqName)), IFERROR(_xlfn.TEXTAFTER(INDEX($AE:$AE, ROW()), "="), 0), 0), _xlpm.Sellmeier, _xlfn.LAMBDA(_xlpm.λ, _xlpm.a_1*_xlpm.λ^2/(_xlpm.λ^2-_xlpm.a_4) + _xlpm.a_2*_xlpm.λ^2/(_xlpm.λ^2-_xlpm.a_5) + _xlpm.a_3*_xlpm.λ^2/(_xlpm.λ^2-_xlpm.a_6)), _xlpm.Schott, _xlfn.LAMBDA(_xlpm.λ, _xlpm.a_1 + _xlpm.a_2*(_xlpm.λ^2) + _xlpm.b_1*(_xlpm.λ^4) + _xlpm.a_3*(_xlpm.λ^-2) + _xlpm.a_4*(_xlpm.λ^-4) + _xlpm.a_5*(_xlpm.λ^-6) + _xlpm.a_6*(_xlpm.λ^-8)), IF(ISNUMBER(SEARCH("Sellmeier", _xlpm.EqName)), IF(ISNUMBER(SEARCH("Mod", _xlpm.EqName)), SQRT((2*_xlpm.Sellmeier(_xlpm.λX)+1)/(1-_xlpm.Sellmeier(_xlpm.λX))), SQRT(1+_xlpm.Sellmeier(_xlpm.λX)) ), IF(ISNUMBER(SEARCH("Schott", _xlpm.EqName)), SQRT(_xlpm.Schott(_xlpm.λX)), NA() ) ) )} -> 1.6100239 | L14: {=_xlfn.LET( _xlpm.λX, _xlfn.SWITCH(INDEX($2:$2, COLUMN()), "nC", Addendum!$A$37/1000, "nd", Addendum!$A$46/1000, "ne", Addendum!$A$47/1000, "nF", Addendum!$A$62/1000, "ng", Addendum!$A$69/1000, ), _xlpm.EqName, INDEX($S:$S, ROW()), _xlpm.a_1, INDEX($T:$T, ROW()), _xlpm.a_2, INDEX($U:$U, ROW()), _xlpm.a_3, INDEX($V:$V, ROW()), _xlpm.a_4, INDEX($W:$W, ROW()), _xlpm.a_5, INDEX($X:$X, ROW()), _xlpm.a_6, INDEX($Y:$Y, ROW()), _xlpm.b_1, IF(ISNUMBER(SEARCH("Schott 3/4", _xlpm.EqName)), IFERROR(_xlfn.TEXTAFTER(INDEX($AE:$AE, ROW()), "="), 0), 0), _xlpm.Sellmeier, _xlfn.LAMBDA(_xlpm.λ, _xlpm.a_1*_xlpm.λ^2/(_xlpm.λ^2-_xlpm.a_4) + _xlpm.a_2*_xlpm.λ^2/(_xlpm.λ^2-_xlpm.a_5) + _xlpm.a_3*_xlpm.λ^2/(_xlpm.λ^2-_xlpm.a_6)), _xlpm.Schott, _xlfn.LAMBDA(_xlpm.λ, _xlpm.a_1 + _xlpm.a_2*(_xlpm.λ^2) + _xlpm.b_1*(_xlpm.λ^4) + _xlpm.a_3*(_xlpm.λ^-2) + _xlpm.a_4*(_xlpm.λ^-4) + _xlpm.a_5*(_xlpm.λ^-6) + _xlpm.a_6*(_xlpm.λ^-8)), IF(ISNUMBER(SEARCH("Sellmeier", _xlpm.EqName)), IF(ISNUMBER(SEARCH("Mod", _xlpm.EqName)), SQRT((2*_xlpm.Sellmeier(_xlpm.λX)+1)/(1-_xlpm.Sellmeier(_xlpm.λX))), SQRT(1+_xlpm.Sellmeier(_xlpm.λX)) ), IF(ISNUMBER(SEARCH("Schott", _xlpm.EqName)), SQRT(_xlpm.Schott(_xlpm.λX)), NA() ) ) )} -> 1.6154094 | M14: =K14-H14 -> 0.0099454825 | N14: =I14-H14 -> 0.0030334504 | O14: =L14-K14 -> 0.0053854466 | P14: =(I14-H14)/M14 -> 0.30500786 | Q14: =(L14-K14)/M14 -> 0.54149676 | R14: -0.0019 | S14: Sellmeier 3 | T14: 1.2828627 | U14: 0.24764743 | V14: 1.10384 | W14: 0.01229024 | X14: -0.0061314236 | Y14: 106.88338 | Z14: 3.43 | AA14: 661 | AB14: 757 | AC14: Not Specified | AD14: Recommended
A15: 13 | B15: Ohara | C15: SiO | D15: S-BSM15 | E15: =I15 -> 1.6229919 | F15: =(I15-1)/M15 -> 58.166452 | G15: {=_xlfn.LET( _xlpm.λe, Addendum!$A$47/1000, _xlpm.λF, Addendum!$A$63/1000, _xlpm.λC, Addendum!$A$38/1000, _xlpm.EqName, INDEX($S:$S, ROW()), _xlpm.a_1, INDEX($T:$T, ROW()), _xlpm.a_2, INDEX($U:$U, ROW()), _xlpm.a_3, INDEX($V:$V, ROW()), _xlpm.a_4, INDEX($W:$W, ROW()), _xlpm.a_5, INDEX($X:$X, ROW()), _xlpm.a_6, INDEX($Y:$Y, ROW()), _xlpm.b_1, IF(ISNUMBER(SEARCH("Schott 3/4", _xlpm.EqName)), IFERROR(_xlfn.TEXTAFTER(INDEX($AE:$AE, ROW()), "="), 0), 0), _xlpm.Sellmeier, _xlfn.LAMBDA(_xlpm.λ, _xlpm.a_1*_xlpm.λ^2/(_xlpm.λ^2-_xlpm.a_4) + _xlpm.a_2*_xlpm.λ^2/(_xlpm.λ^2-_xlpm.a_5) + _xlpm.a_3*_xlpm.λ^2/(_xlpm.λ^2-_xlpm.a_6)), _xlpm.Schott, _xlfn.LAMBDA(_xlpm.λ, _xlpm.a_1 + _xlpm.a_2*(_xlpm.λ^2) + _xlpm.b_1*(_xlpm.λ^4) + _xlpm.a_3*(_xlpm.λ^-2) + _xlpm.a_4*(_xlpm.λ^-4) + _xlpm.a_5*(_xlpm.λ^-6) + _xlpm.a_6*(_xlpm.λ^-8)), _xlpm.RefrIndex, _xlfn.LAMBDA(_xlpm.λ, IF(ISNUMBER(SEARCH("Sellmeier", _xlpm.EqName)), IF(ISNUMBER(SEARCH("Mod", _xlpm.EqName)), SQRT((2*_xlpm.Sellmeier(_xlpm.λ)+1)/(1-_xlpm.Sellmeier(_xlpm.λ))), SQRT(1+_xlpm.Sellmeier(_xlpm.λ)) ), IF(ISNUMBER(SEARCH("Schott", _xlpm.EqName)), SQRT(_xlpm.Schott(_xlpm.λ)), NA() ) ) ), _xlpm.ne, _xlpm.RefrIndex(_xlpm.λe), _xlpm.nF, _xlpm.RefrIndex(_xlpm.λF), _xlpm.nC, _xlpm.RefrIndex(_xlpm.λC), (_xlpm.ne - 1)/(_xlpm.nF - _xlpm.nC) )} -> 57.894799 | H15: {=_xlfn.LET( _xlpm.λX, _xlfn.SWITCH(INDEX($2:$2, COLUMN()), "nC", Addendum!$A$37/1000, "nd", Addendum!$A$46/1000, "ne", Addendum!$A$47/1000, "nF", Addendum!$A$62/1000, "ng", Addendum!$A$69/1000, ), _xlpm.EqName, INDEX($S:$S, ROW()), _xlpm.a_1, INDEX($T:$T, ROW()), _xlpm.a_2, INDEX($U:$U, ROW()), _xlpm.a_3, INDEX($V:$V, ROW()), _xlpm.a_4, INDEX($W:$W, ROW()), _xlpm.a_5, INDEX($X:$X, ROW()), _xlpm.a_6, INDEX($Y:$Y, ROW()), _xlpm.b_1, IF(ISNUMBER(SEARCH("Schott 3/4", _xlpm.EqName)), IFERROR(_xlfn.TEXTAFTER(INDEX($AE:$AE, ROW()), "="), 0), 0), _xlpm.Sellmeier, _xlfn.LAMBDA(_xlpm.λ, _xlpm.a_1*_xlpm.λ^2/(_xlpm.λ^2-_xlpm.a_4) + _xlpm.a_2*_xlpm.λ^2/(_xlpm.λ^2-_xlpm.a_5) + _xlpm.a_3*_xlpm.λ^2/(_xlpm.λ^2-_xlpm.a_6)), _xlpm.Schott, _xlfn.LAMBDA(_xlpm.λ, _xlpm.a_1 + _xlpm.a_2*(_xlpm.λ^2) + _xlpm.b_1*(_xlpm.λ^4) + _xlpm.a_3*(_xlpm.λ^-2) + _xlpm.a_4*(_xlpm.λ^-4) + _xlpm.a_5*(_xlpm.λ^-6) + _xlpm.a_6*(_xlpm.λ^-8)), IF(ISNUMBER(SEARCH("Sellmeier", _xlpm.EqName)), IF(ISNUMBER(SEARCH("Mod", _xlpm.EqName)), SQRT((2*_xlpm.Sellmeier(_xlpm.λX)+1)/(1-_xlpm.Sellmeier(_xlpm.λX))), SQRT(1+_xlpm.Sellmeier(_xlpm.λX)) ), IF(ISNUMBER(SEARCH("Schott", _xlpm.EqName)), SQRT(_xlpm.Schott(_xlpm.λX)), NA() ) ) )} -> 1.6197393 | I15: {=_xlfn.LET( _xlpm.λX, _xlfn.SWITCH(INDEX($2:$2, COLUMN()), "nC", Addendum!$A$37/1000, "nd", Addendum!$A$46/1000, "ne", Addendum!$A$47/1000, "nF", Addendum!$A$62/1000, "ng", Addendum!$A$69/1000, ), _xlpm.EqName, INDEX($S:$S, ROW()), _xlpm.a_1, INDEX($T:$T, ROW()), _xlpm.a_2, INDEX($U:$U, ROW()), _xlpm.a_3, INDEX($V:$V, ROW()), _xlpm.a_4, INDEX($W:$W, ROW()), _xlpm.a_5, INDEX($X:$X, ROW()), _xlpm.a_6, INDEX($Y:$Y, ROW()), _xlpm.b_1, IF(ISNUMBER(SEARCH("Schott 3/4", _xlpm.EqName)), IFERROR(_xlfn.TEXTAFTER(INDEX($AE:$AE, ROW()), "="), 0), 0), _xlpm.Sellmeier, _xlfn.LAMBDA(_xlpm.λ, _xlpm.a_1*_xlpm.λ^2/(_xlpm.λ^2-_xlpm.a_4) + _xlpm.a_2*_xlpm.λ^2/(_xlpm.λ^2-_xlpm.a_5) + _xlpm.a_3*_xlpm.λ^2/(_xlpm.λ^2-_xlpm.a_6)), _xlpm.Schott, _xlfn.LAMBDA(_xlpm.λ, _xlpm.a_1 + _xlpm.a_2*(_xlpm.λ^2) + _xlpm.b_1*(_xlpm.λ^4) + _xlpm.a_3*(_xlpm.λ^-2) + _xlpm.a_4*(_xlpm.λ^-4) + _xlpm.a_5*(_xlpm.λ^-6) + _xlpm.a_6*(_xlpm.λ^-8)), IF(ISNUMBER(SEARCH("Sellmeier", _xlpm.EqName)), IF(ISNUMBER(SEARCH("Mod", _xlpm.EqName)), SQRT((2*_xlpm.Sellmeier(_xlpm.λX)+1)/(1-_xlpm.Sellmeier(_xlpm.λX))), SQRT(1+_xlpm.Sellmeier(_xlpm.λX)) ), IF(ISNUMBER(SEARCH("Schott", _xlpm.EqName)), SQRT(_xlpm.Schott(_xlpm.λX)), NA() ) ) )} -> 1.6229919 | J15: {=_xlfn.LET( _xlpm.λX, _xlfn.SWITCH(INDEX($2:$2, COLUMN()), "nC", Addendum!$A$37/1000, "nd", Addendum!$A$46/1000, "ne", Addendum!$A$47/1000, "nF", Addendum!$A$62/1000, "ng", Addendum!$A$69/1000, ), _xlpm.EqName, INDEX($S:$S, ROW()), _xlpm.a_1, INDEX($T:$T, ROW()), _xlpm.a_2, INDEX($U:$U, ROW()), _xlpm.a_3, INDEX($V:$V, ROW()), _xlpm.a_4, INDEX($W:$W, ROW()), _xlpm.a_5, INDEX($X:$X, ROW()), _xlpm.a_6, INDEX($Y:$Y, ROW()), _xlpm.b_1, IF(ISNUMBER(SEARCH("Schott 3/4", _xlpm.EqName)), IFERROR(_xlfn.TEXTAFTER(INDEX($AE:$AE, ROW()), "="), 0), 0), _xlpm.Sellmeier, _xlfn.LAMBDA(_xlpm.λ, _xlpm.a_1*_xlpm.λ^2/(_xlpm.λ^2-_xlpm.a_4) + _xlpm.a_2*_xlpm.λ^2/(_xlpm.λ^2-_xlpm.a_5) + _xlpm.a_3*_xlpm.λ^2/(_xlpm.λ^2-_xlpm.a_6)), _xlpm.Schott, _xlfn.LAMBDA(_xlpm.λ, _xlpm.a_1 + _xlpm.a_2*(_xlpm.λ^2) + _xlpm.b_1*(_xlpm.λ^4) + _xlpm.a_3*(_xlpm.λ^-2) + _xlpm.a_4*(_xlpm.λ^-4) + _xlpm.a_5*(_xlpm.λ^-6) + _xlpm.a_6*(_xlpm.λ^-8)), IF(ISNUMBER(SEARCH("Sellmeier", _xlpm.EqName)), IF(ISNUMBER(SEARCH("Mod", _xlpm.EqName)), SQRT((2*_xlpm.Sellmeier(_xlpm.λX)+1)/(1-_xlpm.Sellmeier(_xlpm.λX))), SQRT(1+_xlpm.Sellmeier(_xlpm.λX)) ), IF(ISNUMBER(SEARCH("Schott", _xlpm.EqName)), SQRT(_xlpm.Schott(_xlpm.λX)), NA() ) ) )} -> 1.6255449 | K15: {=_xlfn.LET( _xlpm.λX, _xlfn.SWITCH(INDEX($2:$2, COLUMN()), "nC", Addendum!$A$37/1000, "nd", Addendum!$A$46/1000, "ne", Addendum!$A$47/1000, "nF", Addendum!$A$62/1000, "ng", Addendum!$A$69/1000, ), _xlpm.EqName, INDEX($S:$S, ROW()), _xlpm.a_1, INDEX($T:$T, ROW()), _xlpm.a_2, INDEX($U:$U, ROW()), _xlpm.a_3, INDEX($V:$V, ROW()), _xlpm.a_4, INDEX($W:$W, ROW()), _xlpm.a_5, INDEX($X:$X, ROW()), _xlpm.a_6, INDEX($Y:$Y, ROW()), _xlpm.b_1, IF(ISNUMBER(SEARCH("Schott 3/4", _xlpm.EqName)), IFERROR(_xlfn.TEXTAFTER(INDEX($AE:$AE, ROW()), "="), 0), 0), _xlpm.Sellmeier, _xlfn.LAMBDA(_xlpm.λ, _xlpm.a_1*_xlpm.λ^2/(_xlpm.λ^2-_xlpm.a_4) + _xlpm.a_2*_xlpm.λ^2/(_xlpm.λ^2-_xlpm.a_5) + _xlpm.a_3*_xlpm.λ^2/(_xlpm.λ^2-_xlpm.a_6)), _xlpm.Schott, _xlfn.LAMBDA(_xlpm.λ, _xlpm.a_1 + _xlpm.a_2*(_xlpm.λ^2) + _xlpm.b_1*(_xlpm.λ^4) + _xlpm.a_3*(_xlpm.λ^-2) + _xlpm.a_4*(_xlpm.λ^-4) + _xlpm.a_5*(_xlpm.λ^-6) + _xlpm.a_6*(_xlpm.λ^-8)), IF(ISNUMBER(SEARCH("Sellmeier", _xlpm.EqName)), IF(ISNUMBER(SEARCH("Mod", _xlpm.EqName)), SQRT((2*_xlpm.Sellmeier(_xlpm.λX)+1)/(1-_xlpm.Sellmeier(_xlpm.λX))), SQRT(1+_xlpm.Sellmeier(_xlpm.λX)) ), IF(ISNUMBER(SEARCH("Schott", _xlpm.EqName)), SQRT(_xlpm.Schott(_xlpm.λX)), NA() ) ) )} -> 1.6304498 | L15: {=_xlfn.LET( _xlpm.λX, _xlfn.SWITCH(INDEX($2:$2, COLUMN()), "nC", Addendum!$A$37/1000, "nd", Addendum!$A$46/1000, "ne", Addendum!$A$47/1000, "nF", Addendum!$A$62/1000, "ng", Addendum!$A$69/1000, ), _xlpm.EqName, INDEX($S:$S, ROW()), _xlpm.a_1, INDEX($T:$T, ROW()), _xlpm.a_2, INDEX($U:$U, ROW()), _xlpm.a_3, INDEX($V:$V, ROW()), _xlpm.a_4, INDEX($W:$W, ROW()), _xlpm.a_5, INDEX($X:$X, ROW()), _xlpm.a_6, INDEX($Y:$Y, ROW()), _xlpm.b_1, IF(ISNUMBER(SEARCH("Schott 3/4", _xlpm.EqName)), IFERROR(_xlfn.TEXTAFTER(INDEX($AE:$AE, ROW()), "="), 0), 0), _xlpm.Sellmeier, _xlfn.LAMBDA(_xlpm.λ, _xlpm.a_1*_xlpm.λ^2/(_xlpm.λ^2-_xlpm.a_4) + _xlpm.a_2*_xlpm.λ^2/(_xlpm.λ^2-_xlpm.a_5) + _xlpm.a_3*_xlpm.λ^2/(_xlpm.λ^2-_xlpm.a_6)), _xlpm.Schott, _xlfn.LAMBDA(_xlpm.λ, _xlpm.a_1 + _xlpm.a_2*(_xlpm.λ^2) + _xlpm.b_1*(_xlpm.λ^4) + _xlpm.a_3*(_xlpm.λ^-2) + _xlpm.a_4*(_xlpm.λ^-4) + _xlpm.a_5*(_xlpm.λ^-6) + _xlpm.a_6*(_xlpm.λ^-8)), IF(ISNUMBER(SEARCH("Sellmeier", _xlpm.EqName)), IF(ISNUMBER(SEARCH("Mod", _xlpm.EqName)), SQRT((2*_xlpm.Sellmeier(_xlpm.λX)+1)/(1-_xlpm.Sellmeier(_xlpm.λX))), SQRT(1+_xlpm.Sellmeier(_xlpm.λX)) ), IF(ISNUMBER(SEARCH("Schott", _xlpm.EqName)), SQRT(_xlpm.Schott(_xlpm.λX)), NA() ) ) )} -> 1.6362967 | M15: =K15-H15 -> 0.010710502 | N15: =I15-H15 -> 0.0032525748 | O15: =L15-K15 -> 0.005846867 | P15: =(I15-H15)/M15 -> 0.30368089 | Q15: =(L15-K15)/M15 -> 0.54590037 | R15: -0.0016 | S15: Sellmeier 3 | T15: 0.95312833 | U15: 0.63761398 | V15: 1.6524565 | W15: 0.0038763899 | X15: 0.018509463 | Y15: 159.44237 | Z15: 3.6 | AA15: 661 | AB15: 746 | AC15: Not Specified | AD15: Recommended
A16: 14 | B16: Ohara | C16: SiO | D16: S-BSM16 | E16: =I16 -> 1.6204109 | F16: =(I16-1)/M16 -> 60.290294 | G16: {=_xlfn.LET( _xlpm.λe, Addendum!$A$47/1000, _xlpm.λF, Addendum!$A$63/1000, _xlpm.λC, Addendum!$A$38/1000, _xlpm.EqName, INDEX($S:$S, ROW()), _xlpm.a_1, INDEX($T:$T, ROW()), _xlpm.a_2, INDEX($U:$U, ROW()), _xlpm.a_3, INDEX($V:$V, ROW()), _xlpm.a_4, INDEX($W:$W, ROW()), _xlpm.a_5, INDEX($X:$X, ROW()), _xlpm.a_6, INDEX($Y:$Y, ROW()), _xlpm.b_1, IF(ISNUMBER(SEARCH("Schott 3/4", _xlpm.EqName)), IFERROR(_xlfn.TEXTAFTER(INDEX($AE:$AE, ROW()), "="), 0), 0), _xlpm.Sellmeier, _xlfn.LAMBDA(_xlpm.λ, _xlpm.a_1*_xlpm.λ^2/(_xlpm.λ^2-_xlpm.a_4) + _xlpm.a_2*_xlpm.λ^2/(_xlpm.λ^2-_xlpm.a_5) + _xlpm.a_3*_xlpm.λ^2/(_xlpm.λ^2-_xlpm.a_6)), _xlpm.Schott, _xlfn.LAMBDA(_xlpm.λ, _xlpm.a_1 + _xlpm.a_2*(_xlpm.λ^2) + _xlpm.b_1*(_xlpm.λ^4) + _xlpm.a_3*(_xlpm.λ^-2) + _xlpm.a_4*(_xlpm.λ^-4) + _xlpm.a_5*(_xlpm.λ^-6) + _xlpm.a_6*(_xlpm.λ^-8)), _xlpm.RefrIndex, _xlfn.LAMBDA(_xlpm.λ, IF(ISNUMBER(SEARCH("Sellmeier", _xlpm.EqName)), IF(ISNUMBER(SEARCH("Mod", _xlpm.EqName)), SQRT((2*_xlpm.Sellmeier(_xlpm.λ)+1)/(1-_xlpm.Sellmeier(_xlpm.λ))), SQRT(1+_xlpm.Sellmeier(_xlpm.λ)) ), IF(ISNUMBER(SEARCH("Schott", _xlpm.EqName)), SQRT(_xlpm.Schott(_xlpm.λ)), NA() ) ) ), _xlpm.ne, _xlpm.RefrIndex(_xlpm.λe), _xlpm.nF, _xlpm.RefrIndex(_xlpm.λF), _xlpm.nC, _xlpm.RefrIndex(_xlpm.λC), (_xlpm.ne - 1)/(_xlpm.nF - _xlpm.nC) )} -> 60.029164 | H16: {=_xlfn.LET( _xlpm.λX, _xlfn.SWITCH(INDEX($2:$2, COLUMN()), "nC", Addendum!$A$37/1000, "nd", Addendum!$A$46/1000, "ne", Addendum!$A$47/1000, "nF", Addendum!$A$62/1000, "ng", Addendum!$A$69/1000, ), _xlpm.EqName, INDEX($S:$S, ROW()), _xlpm.a_1, INDEX($T:$T, ROW()), _xlpm.a_2, INDEX($U:$U, ROW()), _xlpm.a_3, INDEX($V:$V, ROW()), _xlpm.a_4, INDEX($W:$W, ROW()), _xlpm.a_5, INDEX($X:$X, ROW()), _xlpm.a_6, INDEX($Y:$Y, ROW()), _xlpm.b_1, IF(ISNUMBER(SEARCH("Schott 3/4", _xlpm.EqName)), IFERROR(_xlfn.TEXTAFTER(INDEX($AE:$AE, ROW()), "="), 0), 0), _xlpm.Sellmeier, _xlfn.LAMBDA(_xlpm.λ, _xlpm.a_1*_xlpm.λ^2/(_xlpm.λ^2-_xlpm.a_4) + _xlpm.a_2*_xlpm.λ^2/(_xlpm.λ^2-_xlpm.a_5) + _xlpm.a_3*_xlpm.λ^2/(_xlpm.λ^2-_xlpm.a_6)), _xlpm.Schott, _xlfn.LAMBDA(_xlpm.λ, _xlpm.a_1 + _xlpm.a_2*(_xlpm.λ^2) + _xlpm.b_1*(_xlpm.λ^4) + _xlpm.a_3*(_xlpm.λ^-2) + _xlpm.a_4*(_xlpm.λ^-4) + _xlpm.a_5*(_xlpm.λ^-6) + _xlpm.a_6*(_xlpm.λ^-8)), IF(ISNUMBER(SEARCH("Sellmeier", _xlpm.EqName)), IF(ISNUMBER(SEARCH("Mod", _xlpm.EqName)), SQRT((2*_xlpm.Sellmeier(_xlpm.λX)+1)/(1-_xlpm.Sellmeier(_xlpm.λX))), SQRT(1+_xlpm.Sellmeier(_xlpm.λX)) ), IF(ISNUMBER(SEARCH("Schott", _xlpm.EqName)), SQRT(_xlpm.Schott(_xlpm.λX)), NA() ) ) )} -> 1.6172755 | I16: {=_xlfn.LET( _xlpm.λX, _xlfn.SWITCH(INDEX($2:$2, COLUMN()), "nC", Addendum!$A$37/1000, "nd", Addendum!$A$46/1000, "ne", Addendum!$A$47/1000, "nF", Addendum!$A$62/1000, "ng", Addendum!$A$69/1000, ), _xlpm.EqName, INDEX($S:$S, ROW()), _xlpm.a_1, INDEX($T:$T, ROW()), _xlpm.a_2, INDEX($U:$U, ROW()), _xlpm.a_3, INDEX($V:$V, ROW()), _xlpm.a_4, INDEX($W:$W, ROW()), _xlpm.a_5, INDEX($X:$X, ROW()), _xlpm.a_6, INDEX($Y:$Y, ROW()), _xlpm.b_1, IF(ISNUMBER(SEARCH("Schott 3/4", _xlpm.EqName)), IFERROR(_xlfn.TEXTAFTER(INDEX($AE:$AE, ROW()), "="), 0), 0), _xlpm.Sellmeier, _xlfn.LAMBDA(_xlpm.λ, _xlpm.a_1*_xlpm.λ^2/(_xlpm.λ^2-_xlpm.a_4) + _xlpm.a_2*_xlpm.λ^2/(_xlpm.λ^2-_xlpm.a_5) + _xlpm.a_3*_xlpm.λ^2/(_xlpm.λ^2-_xlpm.a_6)), _xlpm.Schott, _xlfn.LAMBDA(_xlpm.λ, _xlpm.a_1 + _xlpm.a_2*(_xlpm.λ^2) + _xlpm.b_1*(_xlpm.λ^4) + _xlpm.a_3*(_xlpm.λ^-2) + _xlpm.a_4*(_xlpm.λ^-4) + _xlpm.a_5*(_xlpm.λ^-6) + _xlpm.a_6*(_xlpm.λ^-8)), IF(ISNUMBER(SEARCH("Sellmeier", _xlpm.EqName)), IF(ISNUMBER(SEARCH("Mod", _xlpm.EqName)), SQRT((2*_xlpm.Sellmeier(_xlpm.λX)+1)/(1-_xlpm.Sellmeier(_xlpm.λX))), SQRT(1+_xlpm.Sellmeier(_xlpm.λX)) ), IF(ISNUMBER(SEARCH("Schott", _xlpm.EqName)), SQRT(_xlpm.Schott(_xlpm.λX)), NA() ) ) )} -> 1.6204109 | J16: {=_xlfn.LET( _xlpm.λX, _xlfn.SWITCH(INDEX($2:$2, COLUMN()), "nC", Addendum!$A$37/1000, "nd", Addendum!$A$46/1000, "ne", Addendum!$A$47/1000, "nF", Addendum!$A$62/1000, "ng", Addendum!$A$69/1000, ), _xlpm.EqName, INDEX($S:$S, ROW()), _xlpm.a_1, INDEX($T:$T, ROW()), _xlpm.a_2, INDEX($U:$U, ROW()), _xlpm.a_3, INDEX($V:$V, ROW()), _xlpm.a_4, INDEX($W:$W, ROW()), _xlpm.a_5, INDEX($X:$X, ROW()), _xlpm.a_6, INDEX($Y:$Y, ROW()), _xlpm.b_1, IF(ISNUMBER(SEARCH("Schott 3/4", _xlpm.EqName)), IFERROR(_xlfn.TEXTAFTER(INDEX($AE:$AE, ROW()), "="), 0), 0), _xlpm.Sellmeier, _xlfn.LAMBDA(_xlpm.λ, _xlpm.a_1*_xlpm.λ^2/(_xlpm.λ^2-_xlpm.a_4) + _xlpm.a_2*_xlpm.λ^2/(_xlpm.λ^2-_xlpm.a_5) + _xlpm.a_3*_xlpm.λ^2/(_xlpm.λ^2-_xlpm.a_6)), _xlpm.Schott, _xlfn.LAMBDA(_xlpm.λ, _xlpm.a_1 + _xlpm.a_2*(_xlpm.λ^2) + _xlpm.b_1*(_xlpm.λ^4) + _xlpm.a_3*(_xlpm.λ^-2) + _xlpm.a_4*(_xlpm.λ^-4) + _xlpm.a_5*(_xlpm.λ^-6) + _xlpm.a_6*(_xlpm.λ^-8)), IF(ISNUMBER(SEARCH("Sellmeier", _xlpm.EqName)), IF(ISNUMBER(SEARCH("Mod", _xlpm.EqName)), SQRT((2*_xlpm.Sellmeier(_xlpm.λX)+1)/(1-_xlpm.Sellmeier(_xlpm.λX))), SQRT(1+_xlpm.Sellmeier(_xlpm.λX)) ), IF(ISNUMBER(SEARCH("Schott", _xlpm.EqName)), SQRT(_xlpm.Schott(_xlpm.λX)), NA() ) ) )} -> 1.6228648 | K16: {=_xlfn.LET( _xlpm.λX, _xlfn.SWITCH(INDEX($2:$2, COLUMN()), "nC", Addendum!$A$37/1000, "nd", Addendum!$A$46/1000, "ne", Addendum!$A$47/1000, "nF", Addendum!$A$62/1000, "ng", Addendum!$A$69/1000, ), _xlpm.EqName, INDEX($S:$S, ROW()), _xlpm.a_1, INDEX($T:$T, ROW()), _xlpm.a_2, INDEX($U:$U, ROW()), _xlpm.a_3, INDEX($V:$V, ROW()), _xlpm.a_4, INDEX($W:$W, ROW()), _xlpm.a_5, INDEX($X:$X, ROW()), _xlpm.a_6, INDEX($Y:$Y, ROW()), _xlpm.b_1, IF(ISNUMBER(SEARCH("Schott 3/4", _xlpm.EqName)), IFERROR(_xlfn.TEXTAFTER(INDEX($AE:$AE, ROW()), "="), 0), 0), _xlpm.Sellmeier, _xlfn.LAMBDA(_xlpm.λ, _xlpm.a_1*_xlpm.λ^2/(_xlpm.λ^2-_xlpm.a_4) + _xlpm.a_2*_xlpm.λ^2/(_xlpm.λ^2-_xlpm.a_5) + _xlpm.a_3*_xlpm.λ^2/(_xlpm.λ^2-_xlpm.a_6)), _xlpm.Schott, _xlfn.LAMBDA(_xlpm.λ, _xlpm.a_1 + _xlpm.a_2*(_xlpm.λ^2) + _xlpm.b_1*(_xlpm.λ^4) + _xlpm.a_3*(_xlpm.λ^-2) + _xlpm.a_4*(_xlpm.λ^-4) + _xlpm.a_5*(_xlpm.λ^-6) + _xlpm.a_6*(_xlpm.λ^-8)), IF(ISNUMBER(SEARCH("Sellmeier", _xlpm.EqName)), IF(ISNUMBER(SEARCH("Mod", _xlpm.EqName)), SQRT((2*_xlpm.Sellmeier(_xlpm.λX)+1)/(1-_xlpm.Sellmeier(_xlpm.λX))), SQRT(1+_xlpm.Sellmeier(_xlpm.λX)) ), IF(ISNUMBER(SEARCH("Schott", _xlpm.EqName)), SQRT(_xlpm.Schott(_xlpm.λX)), NA() ) ) )} -> 1.6275659 | L16: {=_xlfn.LET( _xlpm.λX, _xlfn.SWITCH(INDEX($2:$2, COLUMN()), "nC", Addendum!$A$37/1000, "nd", Addendum!$A$46/1000, "ne", Addendum!$A$47/1000, "nF", Addendum!$A$62/1000, "ng", Addendum!$A$69/1000, ), _xlpm.EqName, INDEX($S:$S, ROW()), _xlpm.a_1, INDEX($T:$T, ROW()), _xlpm.a_2, INDEX($U:$U, ROW()), _xlpm.a_3, INDEX($V:$V, ROW()), _xlpm.a_4, INDEX($W:$W, ROW()), _xlpm.a_5, INDEX($X:$X, ROW()), _xlpm.a_6, INDEX($Y:$Y, ROW()), _xlpm.b_1, IF(ISNUMBER(SEARCH("Schott 3/4", _xlpm.EqName)), IFERROR(_xlfn.TEXTAFTER(INDEX($AE:$AE, ROW()), "="), 0), 0), _xlpm.Sellmeier, _xlfn.LAMBDA(_xlpm.λ, _xlpm.a_1*_xlpm.λ^2/(_xlpm.λ^2-_xlpm.a_4) + _xlpm.a_2*_xlpm.λ^2/(_xlpm.λ^2-_xlpm.a_5) + _xlpm.a_3*_xlpm.λ^2/(_xlpm.λ^2-_xlpm.a_6)), _xlpm.Schott, _xlfn.LAMBDA(_xlpm.λ, _xlpm.a_1 + _xlpm.a_2*(_xlpm.λ^2) + _xlpm.b_1*(_xlpm.λ^4) + _xlpm.a_3*(_xlpm.λ^-2) + _xlpm.a_4*(_xlpm.λ^-4) + _xlpm.a_5*(_xlpm.λ^-6) + _xlpm.a_6*(_xlpm.λ^-8)), IF(ISNUMBER(SEARCH("Sellmeier", _xlpm.EqName)), IF(ISNUMBER(SEARCH("Mod", _xlpm.EqName)), SQRT((2*_xlpm.Sellmeier(_xlpm.λX)+1)/(1-_xlpm.Sellmeier(_xlpm.λX))), SQRT(1+_xlpm.Sellmeier(_xlpm.λX)) ), IF(ISNUMBER(SEARCH("Schott", _xlpm.EqName)), SQRT(_xlpm.Schott(_xlpm.λX)), NA() ) ) )} -> 1.6331502 | M16: =K16-H16 -> 0.010290394 | N16: =I16-H16 -> 0.0031354473 | O16: =L16-K16 -> 0.005584347 | P16: =(I16-H16)/M16 -> 0.30469651 | Q16: =(L16-K16)/M16 -> 0.5426757 | R16: -0.0012 | S16: Sellmeier 3 | T16: 1.1449038 | U16: 0.43956391 | V16: 1.2768808 | W16: 0.013703492 | X16: -0.001865142 | Y16: 119.53558 | Z16: 3.59 | AA16: 657 | AB16: 738 | AC16: Not Specified | AD16: Not Specified
A17: 15 | B17: Ohara | C17: SiO | D17: S-BSM18 | E17: =I17 -> 1.6385392 | F17: =(I17-1)/M17 -> 55.380687 | G17: {=_xlfn.LET( _xlpm.λe, Addendum!$A$47/1000, _xlpm.λF, Addendum!$A$63/1000, _xlpm.λC, Addendum!$A$38/1000, _xlpm.EqName, INDEX($S:$S, ROW()), _xlpm.a_1, INDEX($T:$T, ROW()), _xlpm.a_2, INDEX($U:$U, ROW()), _xlpm.a_3, INDEX($V:$V, ROW()), _xlpm.a_4, INDEX($W:$W, ROW()), _xlpm.a_5, INDEX($X:$X, ROW()), _xlpm.a_6, INDEX($Y:$Y, ROW()), _xlpm.b_1, IF(ISNUMBER(SEARCH("Schott 3/4", _xlpm.EqName)), IFERROR(_xlfn.TEXTAFTER(INDEX($AE:$AE, ROW()), "="), 0), 0), _xlpm.Sellmeier, _xlfn.LAMBDA(_xlpm.λ, _xlpm.a_1*_xlpm.λ^2/(_xlpm.λ^2-_xlpm.a_4) + _xlpm.a_2*_xlpm.λ^2/(_xlpm.λ^2-_xlpm.a_5) + _xlpm.a_3*_xlpm.λ^2/(_xlpm.λ^2-_xlpm.a_6)), _xlpm.Schott, _xlfn.LAMBDA(_xlpm.λ, _xlpm.a_1 + _xlpm.a_2*(_xlpm.λ^2) + _xlpm.b_1*(_xlpm.λ^4) + _xlpm.a_3*(_xlpm.λ^-2) + _xlpm.a_4*(_xlpm.λ^-4) + _xlpm.a_5*(_xlpm.λ^-6) + _xlpm.a_6*(_xlpm.λ^-8)), _xlpm.RefrIndex, _xlfn.LAMBDA(_xlpm.λ, IF(ISNUMBER(SEARCH("Sellmeier", _xlpm.EqName)), IF(ISNUMBER(SEARCH("Mod", _xlpm.EqName)), SQRT((2*_xlpm.Sellmeier(_xlpm.λ)+1)/(1-_xlpm.Sellmeier(_xlpm.λ))), SQRT(1+_xlpm.Sellmeier(_xlpm.λ)) ), IF(ISNUMBER(SEARCH("Schott", _xlpm.EqName)), SQRT(_xlpm.Schott(_xlpm.λ)), NA() ) ) ), _xlpm.ne, _xlpm.RefrIndex(_xlpm.λe), _xlpm.nF, _xlpm.RefrIndex(_xlpm.λF), _xlpm.nC, _xlpm.RefrIndex(_xlpm.λC), (_xlpm.ne - 1)/(_xlpm.nF - _xlpm.nC) )} -> 55.104248 | H17: {=_xlfn.LET( _xlpm.λX, _xlfn.SWITCH(INDEX($2:$2, COLUMN()), "nC", Addendum!$A$37/1000, "nd", Addendum!$A$46/1000, "ne", Addendum!$A$47/1000, "nF", Addendum!$A$62/1000, "ng", Addendum!$A$69/1000, ), _xlpm.EqName, INDEX($S:$S, ROW()), _xlpm.a_1, INDEX($T:$T, ROW()), _xlpm.a_2, INDEX($U:$U, ROW()), _xlpm.a_3, INDEX($V:$V, ROW()), _xlpm.a_4, INDEX($W:$W, ROW()), _xlpm.a_5, INDEX($X:$X, ROW()), _xlpm.a_6, INDEX($Y:$Y, ROW()), _xlpm.b_1, IF(ISNUMBER(SEARCH("Schott 3/4", _xlpm.EqName)), IFERROR(_xlfn.TEXTAFTER(INDEX($AE:$AE, ROW()), "="), 0), 0), _xlpm.Sellmeier, _xlfn.LAMBDA(_xlpm.λ, _xlpm.a_1*_xlpm.λ^2/(_xlpm.λ^2-_xlpm.a_4) + _xlpm.a_2*_xlpm.λ^2/(_xlpm.λ^2-_xlpm.a_5) + _xlpm.a_3*_xlpm.λ^2/(_xlpm.λ^2-_xlpm.a_6)), _xlpm.Schott, _xlfn.LAMBDA(_xlpm.λ, _xlpm.a_1 + _xlpm.a_2*(_xlpm.λ^2) + _xlpm.b_1*(_xlpm.λ^4) + _xlpm.a_3*(_xlpm.λ^-2) + _xlpm.a_4*(_xlpm.λ^-4) + _xlpm.a_5*(_xlpm.λ^-6) + _xlpm.a_6*(_xlpm.λ^-8)), IF(ISNUMBER(SEARCH("Sellmeier", _xlpm.EqName)), IF(ISNUMBER(SEARCH("Mod", _xlpm.EqName)), SQRT((2*_xlpm.Sellmeier(_xlpm.λX)+1)/(1-_xlpm.Sellmeier(_xlpm.λX))), SQRT(1+_xlpm.Sellmeier(_xlpm.λX)) ), IF(ISNUMBER(SEARCH("Schott", _xlpm.EqName)), SQRT(_xlpm.Schott(_xlpm.λX)), NA() ) ) )} -> 1.6350514 | I17: {=_xlfn.LET( _xlpm.λX, _xlfn.SWITCH(INDEX($2:$2, COLUMN()), "nC", Addendum!$A$37/1000, "nd", Addendum!$A$46/1000, "ne", Addendum!$A$47/1000, "nF", Addendum!$A$62/1000, "ng", Addendum!$A$69/1000, ), _xlpm.EqName, INDEX($S:$S, ROW()), _xlpm.a_1, INDEX($T:$T, ROW()), _xlpm.a_2, INDEX($U:$U, ROW()), _xlpm.a_3, INDEX($V:$V, ROW()), _xlpm.a_4, INDEX($W:$W, ROW()), _xlpm.a_5, INDEX($X:$X, ROW()), _xlpm.a_6, INDEX($Y:$Y, ROW()), _xlpm.b_1, IF(ISNUMBER(SEARCH("Schott 3/4", _xlpm.EqName)), IFERROR(_xlfn.TEXTAFTER(INDEX($AE:$AE, ROW()), "="), 0), 0), _xlpm.Sellmeier, _xlfn.LAMBDA(_xlpm.λ, _xlpm.a_1*_xlpm.λ^2/(_xlpm.λ^2-_xlpm.a_4) + _xlpm.a_2*_xlpm.λ^2/(_xlpm.λ^2-_xlpm.a_5) + _xlpm.a_3*_xlpm.λ^2/(_xlpm.λ^2-_xlpm.a_6)), _xlpm.Schott, _xlfn.LAMBDA(_xlpm.λ, _xlpm.a_1 + _xlpm.a_2*(_xlpm.λ^2) + _xlpm.b_1*(_xlpm.λ^4) + _xlpm.a_3*(_xlpm.λ^-2) + _xlpm.a_4*(_xlpm.λ^-4) + _xlpm.a_5*(_xlpm.λ^-6) + _xlpm.a_6*(_xlpm.λ^-8)), IF(ISNUMBER(SEARCH("Sellmeier", _xlpm.EqName)), IF(ISNUMBER(SEARCH("Mod", _xlpm.EqName)), SQRT((2*_xlpm.Sellmeier(_xlpm.λX)+1)/(1-_xlpm.Sellmeier(_xlpm.λX))), SQRT(1+_xlpm.Sellmeier(_xlpm.λX)) ), IF(ISNUMBER(SEARCH("Schott", _xlpm.EqName)), SQRT(_xlpm.Schott(_xlpm.λX)), NA() ) ) )} -> 1.6385392 | J17: {=_xlfn.LET( _xlpm.λX, _xlfn.SWITCH(INDEX($2:$2, COLUMN()), "nC", Addendum!$A$37/1000, "nd", Addendum!$A$46/1000, "ne", Addendum!$A$47/1000, "nF", Addendum!$A$62/1000, "ng", Addendum!$A$69/1000, ), _xlpm.EqName, INDEX($S:$S, ROW()), _xlpm.a_1, INDEX($T:$T, ROW()), _xlpm.a_2, INDEX($U:$U, ROW()), _xlpm.a_3, INDEX($V:$V, ROW()), _xlpm.a_4, INDEX($W:$W, ROW()), _xlpm.a_5, INDEX($X:$X, ROW()), _xlpm.a_6, INDEX($Y:$Y, ROW()), _xlpm.b_1, IF(ISNUMBER(SEARCH("Schott 3/4", _xlpm.EqName)), IFERROR(_xlfn.TEXTAFTER(INDEX($AE:$AE, ROW()), "="), 0), 0), _xlpm.Sellmeier, _xlfn.LAMBDA(_xlpm.λ, _xlpm.a_1*_xlpm.λ^2/(_xlpm.λ^2-_xlpm.a_4) + _xlpm.a_2*_xlpm.λ^2/(_xlpm.λ^2-_xlpm.a_5) + _xlpm.a_3*_xlpm.λ^2/(_xlpm.λ^2-_xlpm.a_6)), _xlpm.Schott, _xlfn.LAMBDA(_xlpm.λ, _xlpm.a_1 + _xlpm.a_2*(_xlpm.λ^2) + _xlpm.b_1*(_xlpm.λ^4) + _xlpm.a_3*(_xlpm.λ^-2) + _xlpm.a_4*(_xlpm.λ^-4) + _xlpm.a_5*(_xlpm.λ^-6) + _xlpm.a_6*(_xlpm.λ^-8)), IF(ISNUMBER(SEARCH("Sellmeier", _xlpm.EqName)), IF(ISNUMBER(SEARCH("Mod", _xlpm.EqName)), SQRT((2*_xlpm.Sellmeier(_xlpm.λX)+1)/(1-_xlpm.Sellmeier(_xlpm.λX))), SQRT(1+_xlpm.Sellmeier(_xlpm.λX)) ), IF(ISNUMBER(SEARCH("Schott", _xlpm.EqName)), SQRT(_xlpm.Schott(_xlpm.λX)), NA() ) ) )} -> 1.6412872 | K17: {=_xlfn.LET( _xlpm.λX, _xlfn.SWITCH(INDEX($2:$2, COLUMN()), "nC", Addendum!$A$37/1000, "nd", Addendum!$A$46/1000, "ne", Addendum!$A$47/1000, "nF", Addendum!$A$62/1000, "ng", Addendum!$A$69/1000, ), _xlpm.EqName, INDEX($S:$S, ROW()), _xlpm.a_1, INDEX($T:$T, ROW()), _xlpm.a_2, INDEX($U:$U, ROW()), _xlpm.a_3, INDEX($V:$V, ROW()), _xlpm.a_4, INDEX($W:$W, ROW()), _xlpm.a_5, INDEX($X:$X, ROW()), _xlpm.a_6, INDEX($Y:$Y, ROW()), _xlpm.b_1, IF(ISNUMBER(SEARCH("Schott 3/4", _xlpm.EqName)), IFERROR(_xlfn.TEXTAFTER(INDEX($AE:$AE, ROW()), "="), 0), 0), _xlpm.Sellmeier, _xlfn.LAMBDA(_xlpm.λ, _xlpm.a_1*_xlpm.λ^2/(_xlpm.λ^2-_xlpm.a_4) + _xlpm.a_2*_xlpm.λ^2/(_xlpm.λ^2-_xlpm.a_5) + _xlpm.a_3*_xlpm.λ^2/(_xlpm.λ^2-_xlpm.a_6)), _xlpm.Schott, _xlfn.LAMBDA(_xlpm.λ, _xlpm.a_1 + _xlpm.a_2*(_xlpm.λ^2) + _xlpm.b_1*(_xlpm.λ^4) + _xlpm.a_3*(_xlpm.λ^-2) + _xlpm.a_4*(_xlpm.λ^-4) + _xlpm.a_5*(_xlpm.λ^-6) + _xlpm.a_6*(_xlpm.λ^-8)), IF(ISNUMBER(SEARCH("Sellmeier", _xlpm.EqName)), IF(ISNUMBER(SEARCH("Mod", _xlpm.EqName)), SQRT((2*_xlpm.Sellmeier(_xlpm.λX)+1)/(1-_xlpm.Sellmeier(_xlpm.λX))), SQRT(1+_xlpm.Sellmeier(_xlpm.λX)) ), IF(ISNUMBER(SEARCH("Schott", _xlpm.EqName)), SQRT(_xlpm.Schott(_xlpm.λX)), NA() ) ) )} -> 1.6465813 | L17: {=_xlfn.LET( _xlpm.λX, _xlfn.SWITCH(INDEX($2:$2, COLUMN()), "nC", Addendum!$A$37/1000, "nd", Addendum!$A$46/1000, "ne", Addendum!$A$47/1000, "nF", Addendum!$A$62/1000, "ng", Addendum!$A$69/1000, ), _xlpm.EqName, INDEX($S:$S, ROW()), _xlpm.a_1, INDEX($T:$T, ROW()), _xlpm.a_2, INDEX($U:$U, ROW()), _xlpm.a_3, INDEX($V:$V, ROW()), _xlpm.a_4, INDEX($W:$W, ROW()), _xlpm.a_5, INDEX($X:$X, ROW()), _xlpm.a_6, INDEX($Y:$Y, ROW()), _xlpm.b_1, IF(ISNUMBER(SEARCH("Schott 3/4", _xlpm.EqName)), IFERROR(_xlfn.TEXTAFTER(INDEX($AE:$AE, ROW()), "="), 0), 0), _xlpm.Sellmeier, _xlfn.LAMBDA(_xlpm.λ, _xlpm.a_1*_xlpm.λ^2/(_xlpm.λ^2-_xlpm.a_4) + _xlpm.a_2*_xlpm.λ^2/(_xlpm.λ^2-_xlpm.a_5) + _xlpm.a_3*_xlpm.λ^2/(_xlpm.λ^2-_xlpm.a_6)), _xlpm.Schott, _xlfn.LAMBDA(_xlpm.λ, _xlpm.a_1 + _xlpm.a_2*(_xlpm.λ^2) + _xlpm.b_1*(_xlpm.λ^4) + _xlpm.a_3*(_xlpm.λ^-2) + _xlpm.a_4*(_xlpm.λ^-4) + _xlpm.a_5*(_xlpm.λ^-6) + _xlpm.a_6*(_xlpm.λ^-8)), IF(ISNUMBER(SEARCH("Sellmeier", _xlpm.EqName)), IF(ISNUMBER(SEARCH("Mod", _xlpm.EqName)), SQRT((2*_xlpm.Sellmeier(_xlpm.λX)+1)/(1-_xlpm.Sellmeier(_xlpm.λX))), SQRT(1+_xlpm.Sellmeier(_xlpm.λX)) ), IF(ISNUMBER(SEARCH("Schott", _xlpm.EqName)), SQRT(_xlpm.Schott(_xlpm.λX)), NA() ) ) )} -> 1.6529066 | M17: =K17-H17 -> 0.011529998 | N17: =I17-H17 -> 0.0034878621 | O17: =L17-K17 -> 0.0063252544 | P17: =(I17-H17)/M17 -> 0.30250326 | Q17: =(L17-K17)/M17 -> 0.5485911 | R17: -0.0035 | S17: Sellmeier 3 | T17: 0.92788602 | U17: 0.70885853 | V17: 1.186109 | W17: 0.004175492 | X17: 0.018469184 | Y17: 122.21042 | Z17: 3.69 | AA17: 617 | AB17: 717 | AC17: Not Specified | AD17: Recommended
A18: 16 | B18: Ohara | C18: SiO | D18: S-BSM25 | E18: =I18 -> 1.6584409 | F18: =(I18-1)/M18 -> 50.878165 | G18: {=_xlfn.LET( _xlpm.λe, Addendum!$A$47/1000, _xlpm.λF, Addendum!$A$63/1000, _xlpm.λC, Addendum!$A$38/1000, _xlpm.EqName, INDEX($S:$S, ROW()), _xlpm.a_1, INDEX($T:$T, ROW()), _xlpm.a_2, INDEX($U:$U, ROW()), _xlpm.a_3, INDEX($V:$V, ROW()), _xlpm.a_4, INDEX($W:$W, ROW()), _xlpm.a_5, INDEX($X:$X, ROW()), _xlpm.a_6, INDEX($Y:$Y, ROW()), _xlpm.b_1, IF(ISNUMBER(SEARCH("Schott 3/4", _xlpm.EqName)), IFERROR(_xlfn.TEXTAFTER(INDEX($AE:$AE, ROW()), "="), 0), 0), _xlpm.Sellmeier, _xlfn.LAMBDA(_xlpm.λ, _xlpm.a_1*_xlpm.λ^2/(_xlpm.λ^2-_xlpm.a_4) + _xlpm.a_2*_xlpm.λ^2/(_xlpm.λ^2-_xlpm.a_5) + _xlpm.a_3*_xlpm.λ^2/(_xlpm.λ^2-_xlpm.a_6)), _xlpm.Schott, _xlfn.LAMBDA(_xlpm.λ, _xlpm.a_1 + _xlpm.a_2*(_xlpm.λ^2) + _xlpm.b_1*(_xlpm.λ^4) + _xlpm.a_3*(_xlpm.λ^-2) + _xlpm.a_4*(_xlpm.λ^-4) + _xlpm.a_5*(_xlpm.λ^-6) + _xlpm.a_6*(_xlpm.λ^-8)), _xlpm.RefrIndex, _xlfn.LAMBDA(_xlpm.λ, IF(ISNUMBER(SEARCH("Sellmeier", _xlpm.EqName)), IF(ISNUMBER(SEARCH("Mod", _xlpm.EqName)), SQRT((2*_xlpm.Sellmeier(_xlpm.λ)+1)/(1-_xlpm.Sellmeier(_xlpm.λ))), SQRT(1+_xlpm.Sellmeier(_xlpm.λ)) ), IF(ISNUMBER(SEARCH("Schott", _xlpm.EqName)), SQRT(_xlpm.Schott(_xlpm.λ)), NA() ) ) ), _xlpm.ne, _xlpm.RefrIndex(_xlpm.λe), _xlpm.nF, _xlpm.RefrIndex(_xlpm.λF), _xlpm.nC, _xlpm.RefrIndex(_xlpm.λC), (_xlpm.ne - 1)/(_xlpm.nF - _xlpm.nC) )} -> 50.59199 | H18: {=_xlfn.LET( _xlpm.λX, _xlfn.SWITCH(INDEX($2:$2, COLUMN()), "nC", Addendum!$A$37/1000, "nd", Addendum!$A$46/1000, "ne", Addendum!$A$47/1000, "nF", Addendum!$A$62/1000, "ng", Addendum!$A$69/1000, ), _xlpm.EqName, INDEX($S:$S, ROW()), _xlpm.a_1, INDEX($T:$T, ROW()), _xlpm.a_2, INDEX($U:$U, ROW()), _xlpm.a_3, INDEX($V:$V, ROW()), _xlpm.a_4, INDEX($W:$W, ROW()), _xlpm.a_5, INDEX($X:$X, ROW()), _xlpm.a_6, INDEX($Y:$Y, ROW()), _xlpm.b_1, IF(ISNUMBER(SEARCH("Schott 3/4", _xlpm.EqName)), IFERROR(_xlfn.TEXTAFTER(INDEX($AE:$AE, ROW()), "="), 0), 0), _xlpm.Sellmeier, _xlfn.LAMBDA(_xlpm.λ, _xlpm.a_1*_xlpm.λ^2/(_xlpm.λ^2-_xlpm.a_4) + _xlpm.a_2*_xlpm.λ^2/(_xlpm.λ^2-_xlpm.a_5) + _xlpm.a_3*_xlpm.λ^2/(_xlpm.λ^2-_xlpm.a_6)), _xlpm.Schott, _xlfn.LAMBDA(_xlpm.λ, _xlpm.a_1 + _xlpm.a_2*(_xlpm.λ^2) + _xlpm.b_1*(_xlpm.λ^4) + _xlpm.a_3*(_xlpm.λ^-2) + _xlpm.a_4*(_xlpm.λ^-4) + _xlpm.a_5*(_xlpm.λ^-6) + _xlpm.a_6*(_xlpm.λ^-8)), IF(ISNUMBER(SEARCH("Sellmeier", _xlpm.EqName)), IF(ISNUMBER(SEARCH("Mod", _xlpm.EqName)), SQRT((2*_xlpm.Sellmeier(_xlpm.λX)+1)/(1-_xlpm.Sellmeier(_xlpm.λX))), SQRT(1+_xlpm.Sellmeier(_xlpm.λX)) ), IF(ISNUMBER(SEARCH("Schott", _xlpm.EqName)), SQRT(_xlpm.Schott(_xlpm.λX)), NA() ) ) )} -> 1.6545528 | I18: {=_xlfn.LET( _xlpm.λX, _xlfn.SWITCH(INDEX($2:$2, COLUMN()), "nC", Addendum!$A$37/1000, "nd", Addendum!$A$46/1000, "ne", Addendum!$A$47/1000, "nF", Addendum!$A$62/1000, "ng", Addendum!$A$69/1000, ), _xlpm.EqName, INDEX($S:$S, ROW()), _xlpm.a_1, INDEX($T:$T, ROW()), _xlpm.a_2, INDEX($U:$U, ROW()), _xlpm.a_3, INDEX($V:$V, ROW()), _xlpm.a_4, INDEX($W:$W, ROW()), _xlpm.a_5, INDEX($X:$X, ROW()), _xlpm.a_6, INDEX($Y:$Y, ROW()), _xlpm.b_1, IF(ISNUMBER(SEARCH("Schott 3/4", _xlpm.EqName)), IFERROR(_xlfn.TEXTAFTER(INDEX($AE:$AE, ROW()), "="), 0), 0), _xlpm.Sellmeier, _xlfn.LAMBDA(_xlpm.λ, _xlpm.a_1*_xlpm.λ^2/(_xlpm.λ^2-_xlpm.a_4) + _xlpm.a_2*_xlpm.λ^2/(_xlpm.λ^2-_xlpm.a_5) + _xlpm.a_3*_xlpm.λ^2/(_xlpm.λ^2-_xlpm.a_6)), _xlpm.Schott, _xlfn.LAMBDA(_xlpm.λ, _xlpm.a_1 + _xlpm.a_2*(_xlpm.λ^2) + _xlpm.b_1*(_xlpm.λ^4) + _xlpm.a_3*(_xlpm.λ^-2) + _xlpm.a_4*(_xlpm.λ^-4) + _xlpm.a_5*(_xlpm.λ^-6) + _xlpm.a_6*(_xlpm.λ^-8)), IF(ISNUMBER(SEARCH("Sellmeier", _xlpm.EqName)), IF(ISNUMBER(SEARCH("Mod", _xlpm.EqName)), SQRT((2*_xlpm.Sellmeier(_xlpm.λX)+1)/(1-_xlpm.Sellmeier(_xlpm.λX))), SQRT(1+_xlpm.Sellmeier(_xlpm.λX)) ), IF(ISNUMBER(SEARCH("Schott", _xlpm.EqName)), SQRT(_xlpm.Schott(_xlpm.λX)), NA() ) ) )} -> 1.6584409 | J18: {=_xlfn.LET( _xlpm.λX, _xlfn.SWITCH(INDEX($2:$2, COLUMN()), "nC", Addendum!$A$37/1000, "nd", Addendum!$A$46/1000, "ne", Addendum!$A$47/1000, "nF", Addendum!$A$62/1000, "ng", Addendum!$A$69/1000, ), _xlpm.EqName, INDEX($S:$S, ROW()), _xlpm.a_1, INDEX($T:$T, ROW()), _xlpm.a_2, INDEX($U:$U, ROW()), _xlpm.a_3, INDEX($V:$V, ROW()), _xlpm.a_4, INDEX($W:$W, ROW()), _xlpm.a_5, INDEX($X:$X, ROW()), _xlpm.a_6, INDEX($Y:$Y, ROW()), _xlpm.b_1, IF(ISNUMBER(SEARCH("Schott 3/4", _xlpm.EqName)), IFERROR(_xlfn.TEXTAFTER(INDEX($AE:$AE, ROW()), "="), 0), 0), _xlpm.Sellmeier, _xlfn.LAMBDA(_xlpm.λ, _xlpm.a_1*_xlpm.λ^2/(_xlpm.λ^2-_xlpm.a_4) + _xlpm.a_2*_xlpm.λ^2/(_xlpm.λ^2-_xlpm.a_5) + _xlpm.a_3*_xlpm.λ^2/(_xlpm.λ^2-_xlpm.a_6)), _xlpm.Schott, _xlfn.LAMBDA(_xlpm.λ, _xlpm.a_1 + _xlpm.a_2*(_xlpm.λ^2) + _xlpm.b_1*(_xlpm.λ^4) + _xlpm.a_3*(_xlpm.λ^-2) + _xlpm.a_4*(_xlpm.λ^-4) + _xlpm.a_5*(_xlpm.λ^-6) + _xlpm.a_6*(_xlpm.λ^-8)), IF(ISNUMBER(SEARCH("Sellmeier", _xlpm.EqName)), IF(ISNUMBER(SEARCH("Mod", _xlpm.EqName)), SQRT((2*_xlpm.Sellmeier(_xlpm.λX)+1)/(1-_xlpm.Sellmeier(_xlpm.λX))), SQRT(1+_xlpm.Sellmeier(_xlpm.λX)) ), IF(ISNUMBER(SEARCH("Schott", _xlpm.EqName)), SQRT(_xlpm.Schott(_xlpm.λX)), NA() ) ) )} -> 1.6615216 | K18: {=_xlfn.LET( _xlpm.λX, _xlfn.SWITCH(INDEX($2:$2, COLUMN()), "nC", Addendum!$A$37/1000, "nd", Addendum!$A$46/1000, "ne", Addendum!$A$47/1000, "nF", Addendum!$A$62/1000, "ng", Addendum!$A$69/1000, ), _xlpm.EqName, INDEX($S:$S, ROW()), _xlpm.a_1, INDEX($T:$T, ROW()), _xlpm.a_2, INDEX($U:$U, ROW()), _xlpm.a_3, INDEX($V:$V, ROW()), _xlpm.a_4, INDEX($W:$W, ROW()), _xlpm.a_5, INDEX($X:$X, ROW()), _xlpm.a_6, INDEX($Y:$Y, ROW()), _xlpm.b_1, IF(ISNUMBER(SEARCH("Schott 3/4", _xlpm.EqName)), IFERROR(_xlfn.TEXTAFTER(INDEX($AE:$AE, ROW()), "="), 0), 0), _xlpm.Sellmeier, _xlfn.LAMBDA(_xlpm.λ, _xlpm.a_1*_xlpm.λ^2/(_xlpm.λ^2-_xlpm.a_4) + _xlpm.a_2*_xlpm.λ^2/(_xlpm.λ^2-_xlpm.a_5) + _xlpm.a_3*_xlpm.λ^2/(_xlpm.λ^2-_xlpm.a_6)), _xlpm.Schott, _xlfn.LAMBDA(_xlpm.λ, _xlpm.a_1 + _xlpm.a_2*(_xlpm.λ^2) + _xlpm.b_1*(_xlpm.λ^4) + _xlpm.a_3*(_xlpm.λ^-2) + _xlpm.a_4*(_xlpm.λ^-4) + _xlpm.a_5*(_xlpm.λ^-6) + _xlpm.a_6*(_xlpm.λ^-8)), IF(ISNUMBER(SEARCH("Sellmeier", _xlpm.EqName)), IF(ISNUMBER(SEARCH("Mod", _xlpm.EqName)), SQRT((2*_xlpm.Sellmeier(_xlpm.λX)+1)/(1-_xlpm.Sellmeier(_xlpm.λX))), SQRT(1+_xlpm.Sellmeier(_xlpm.λX)) ), IF(ISNUMBER(SEARCH("Schott", _xlpm.EqName)), SQRT(_xlpm.Schott(_xlpm.λX)), NA() ) ) )} -> 1.6674943 | L18: {=_xlfn.LET( _xlpm.λX, _xlfn.SWITCH(INDEX($2:$2, COLUMN()), "nC", Addendum!$A$37/1000, "nd", Addendum!$A$46/1000, "ne", Addendum!$A$47/1000, "nF", Addendum!$A$62/1000, "ng", Addendum!$A$69/1000, ), _xlpm.EqName, INDEX($S:$S, ROW()), _xlpm.a_1, INDEX($T:$T, ROW()), _xlpm.a_2, INDEX($U:$U, ROW()), _xlpm.a_3, INDEX($V:$V, ROW()), _xlpm.a_4, INDEX($W:$W, ROW()), _xlpm.a_5, INDEX($X:$X, ROW()), _xlpm.a_6, INDEX($Y:$Y, ROW()), _xlpm.b_1, IF(ISNUMBER(SEARCH("Schott 3/4", _xlpm.EqName)), IFERROR(_xlfn.TEXTAFTER(INDEX($AE:$AE, ROW()), "="), 0), 0), _xlpm.Sellmeier, _xlfn.LAMBDA(_xlpm.λ, _xlpm.a_1*_xlpm.λ^2/(_xlpm.λ^2-_xlpm.a_4) + _xlpm.a_2*_xlpm.λ^2/(_xlpm.λ^2-_xlpm.a_5) + _xlpm.a_3*_xlpm.λ^2/(_xlpm.λ^2-_xlpm.a_6)), _xlpm.Schott, _xlfn.LAMBDA(_xlpm.λ, _xlpm.a_1 + _xlpm.a_2*(_xlpm.λ^2) + _xlpm.b_1*(_xlpm.λ^4) + _xlpm.a_3*(_xlpm.λ^-2) + _xlpm.a_4*(_xlpm.λ^-4) + _xlpm.a_5*(_xlpm.λ^-6) + _xlpm.a_6*(_xlpm.λ^-8)), IF(ISNUMBER(SEARCH("Sellmeier", _xlpm.EqName)), IF(ISNUMBER(SEARCH("Mod", _xlpm.EqName)), SQRT((2*_xlpm.Sellmeier(_xlpm.λX)+1)/(1-_xlpm.Sellmeier(_xlpm.λX))), SQRT(1+_xlpm.Sellmeier(_xlpm.λX)) ), IF(ISNUMBER(SEARCH("Schott", _xlpm.EqName)), SQRT(_xlpm.Schott(_xlpm.λX)), NA() ) ) )} -> 1.6746915 | M18: =K18-H18 -> 0.012941522 | N18: =I18-H18 -> 0.0038880958 | O18: =L18-K18 -> 0.0071972115 | P18: =(I18-H18)/M18 -> 0.30043575 | Q18: =(L18-K18)/M18 -> 0.55613332 | R18: -0.0031 | S18: Sellmeier 3 | T18: 1.3481426 | U18: 0.34753032 | V18: 1.3879837 | W18: 0.0069536437 | X18: 0.027786348 | Y18: 142.13812 | Z18: 3.5 | AA18: 637 | AB18: 760 | AC18: Not Specified | AD18: Recommended
A19: 17 | B19: Ohara | C19: SiO | D19: S-BSM28 | E19: =I19 -> 1.6177219 | F19: =(I19-1)/M19 -> 49.815652 | G19: {=_xlfn.LET( _xlpm.λe, Addendum!$A$47/1000, _xlpm.λF, Addendum!$A$63/1000, _xlpm.λC, Addendum!$A$38/1000, _xlpm.EqName, INDEX($S:$S, ROW()), _xlpm.a_1, INDEX($T:$T, ROW()), _xlpm.a_2, INDEX($U:$U, ROW()), _xlpm.a_3, INDEX($V:$V, ROW()), _xlpm.a_4, INDEX($W:$W, ROW()), _xlpm.a_5, INDEX($X:$X, ROW()), _xlpm.a_6, INDEX($Y:$Y, ROW()), _xlpm.b_1, IF(ISNUMBER(SEARCH("Schott 3/4", _xlpm.EqName)), IFERROR(_xlfn.TEXTAFTER(INDEX($AE:$AE, ROW()), "="), 0), 0), _xlpm.Sellmeier, _xlfn.LAMBDA(_xlpm.λ, _xlpm.a_1*_xlpm.λ^2/(_xlpm.λ^2-_xlpm.a_4) + _xlpm.a_2*_xlpm.λ^2/(_xlpm.λ^2-_xlpm.a_5) + _xlpm.a_3*_xlpm.λ^2/(_xlpm.λ^2-_xlpm.a_6)), _xlpm.Schott, _xlfn.LAMBDA(_xlpm.λ, _xlpm.a_1 + _xlpm.a_2*(_xlpm.λ^2) + _xlpm.b_1*(_xlpm.λ^4) + _xlpm.a_3*(_xlpm.λ^-2) + _xlpm.a_4*(_xlpm.λ^-4) + _xlpm.a_5*(_xlpm.λ^-6) + _xlpm.a_6*(_xlpm.λ^-8)), _xlpm.RefrIndex, _xlfn.LAMBDA(_xlpm.λ, IF(ISNUMBER(SEARCH("Sellmeier", _xlpm.EqName)), IF(ISNUMBER(SEARCH("Mod", _xlpm.EqName)), SQRT((2*_xlpm.Sellmeier(_xlpm.λ)+1)/(1-_xlpm.Sellmeier(_xlpm.λ))), SQRT(1+_xlpm.Sellmeier(_xlpm.λ)) ), IF(ISNUMBER(SEARCH("Schott", _xlpm.EqName)), SQRT(_xlpm.Schott(_xlpm.λ)), NA() ) ) ), _xlpm.ne, _xlpm.RefrIndex(_xlpm.λe), _xlpm.nF, _xlpm.RefrIndex(_xlpm.λF), _xlpm.nC, _xlpm.RefrIndex(_xlpm.λC), (_xlpm.ne - 1)/(_xlpm.nF - _xlpm.nC) )} -> 49.5206 | H19: {=_xlfn.LET( _xlpm.λX, _xlfn.SWITCH(INDEX($2:$2, COLUMN()), "nC", Addendum!$A$37/1000, "nd", Addendum!$A$46/1000, "ne", Addendum!$A$47/1000, "nF", Addendum!$A$62/1000, "ng", Addendum!$A$69/1000, ), _xlpm.EqName, INDEX($S:$S, ROW()), _xlpm.a_1, INDEX($T:$T, ROW()), _xlpm.a_2, INDEX($U:$U, ROW()), _xlpm.a_3, INDEX($V:$V, ROW()), _xlpm.a_4, INDEX($W:$W, ROW()), _xlpm.a_5, INDEX($X:$X, ROW()), _xlpm.a_6, INDEX($Y:$Y, ROW()), _xlpm.b_1, IF(ISNUMBER(SEARCH("Schott 3/4", _xlpm.EqName)), IFERROR(_xlfn.TEXTAFTER(INDEX($AE:$AE, ROW()), "="), 0), 0), _xlpm.Sellmeier, _xlfn.LAMBDA(_xlpm.λ, _xlpm.a_1*_xlpm.λ^2/(_xlpm.λ^2-_xlpm.a_4) + _xlpm.a_2*_xlpm.λ^2/(_xlpm.λ^2-_xlpm.a_5) + _xlpm.a_3*_xlpm.λ^2/(_xlpm.λ^2-_xlpm.a_6)), _xlpm.Schott, _xlfn.LAMBDA(_xlpm.λ, _xlpm.a_1 + _xlpm.a_2*(_xlpm.λ^2) + _xlpm.b_1*(_xlpm.λ^4) + _xlpm.a_3*(_xlpm.λ^-2) + _xlpm.a_4*(_xlpm.λ^-4) + _xlpm.a_5*(_xlpm.λ^-6) + _xlpm.a_6*(_xlpm.λ^-8)), IF(ISNUMBER(SEARCH("Sellmeier", _xlpm.EqName)), IF(ISNUMBER(SEARCH("Mod", _xlpm.EqName)), SQRT((2*_xlpm.Sellmeier(_xlpm.λX)+1)/(1-_xlpm.Sellmeier(_xlpm.λX))), SQRT(1+_xlpm.Sellmeier(_xlpm.λX)) ), IF(ISNUMBER(SEARCH("Schott", _xlpm.EqName)), SQRT(_xlpm.Schott(_xlpm.λX)), NA() ) ) )} -> 1.6140052 | I19: {=_xlfn.LET( _xlpm.λX, _xlfn.SWITCH(INDEX($2:$2, COLUMN()), "nC", Addendum!$A$37/1000, "nd", Addendum!$A$46/1000, "ne", Addendum!$A$47/1000, "nF", Addendum!$A$62/1000, "ng", Addendum!$A$69/1000, ), _xlpm.EqName, INDEX($S:$S, ROW()), _xlpm.a_1, INDEX($T:$T, ROW()), _xlpm.a_2, INDEX($U:$U, ROW()), _xlpm.a_3, INDEX($V:$V, ROW()), _xlpm.a_4, INDEX($W:$W, ROW()), _xlpm.a_5, INDEX($X:$X, ROW()), _xlpm.a_6, INDEX($Y:$Y, ROW()), _xlpm.b_1, IF(ISNUMBER(SEARCH("Schott 3/4", _xlpm.EqName)), IFERROR(_xlfn.TEXTAFTER(INDEX($AE:$AE, ROW()), "="), 0), 0), _xlpm.Sellmeier, _xlfn.LAMBDA(_xlpm.λ, _xlpm.a_1*_xlpm.λ^2/(_xlpm.λ^2-_xlpm.a_4) + _xlpm.a_2*_xlpm.λ^2/(_xlpm.λ^2-_xlpm.a_5) + _xlpm.a_3*_xlpm.λ^2/(_xlpm.λ^2-_xlpm.a_6)), _xlpm.Schott, _xlfn.LAMBDA(_xlpm.λ, _xlpm.a_1 + _xlpm.a_2*(_xlpm.λ^2) + _xlpm.b_1*(_xlpm.λ^4) + _xlpm.a_3*(_xlpm.λ^-2) + _xlpm.a_4*(_xlpm.λ^-4) + _xlpm.a_5*(_xlpm.λ^-6) + _xlpm.a_6*(_xlpm.λ^-8)), IF(ISNUMBER(SEARCH("Sellmeier", _xlpm.EqName)), IF(ISNUMBER(SEARCH("Mod", _xlpm.EqName)), SQRT((2*_xlpm.Sellmeier(_xlpm.λX)+1)/(1-_xlpm.Sellmeier(_xlpm.λX))), SQRT(1+_xlpm.Sellmeier(_xlpm.λX)) ), IF(ISNUMBER(SEARCH("Schott", _xlpm.EqName)), SQRT(_xlpm.Schott(_xlpm.λX)), NA() ) ) )} -> 1.6177219 | J19: {=_xlfn.LET( _xlpm.λX, _xlfn.SWITCH(INDEX($2:$2, COLUMN()), "nC", Addendum!$A$37/1000, "nd", Addendum!$A$46/1000, "ne", Addendum!$A$47/1000, "nF", Addendum!$A$62/1000, "ng", Addendum!$A$69/1000, ), _xlpm.EqName, INDEX($S:$S, ROW()), _xlpm.a_1, INDEX($T:$T, ROW()), _xlpm.a_2, INDEX($U:$U, ROW()), _xlpm.a_3, INDEX($V:$V, ROW()), _xlpm.a_4, INDEX($W:$W, ROW()), _xlpm.a_5, INDEX($X:$X, ROW()), _xlpm.a_6, INDEX($Y:$Y, ROW()), _xlpm.b_1, IF(ISNUMBER(SEARCH("Schott 3/4", _xlpm.EqName)), IFERROR(_xlfn.TEXTAFTER(INDEX($AE:$AE, ROW()), "="), 0), 0), _xlpm.Sellmeier, _xlfn.LAMBDA(_xlpm.λ, _xlpm.a_1*_xlpm.λ^2/(_xlpm.λ^2-_xlpm.a_4) + _xlpm.a_2*_xlpm.λ^2/(_xlpm.λ^2-_xlpm.a_5) + _xlpm.a_3*_xlpm.λ^2/(_xlpm.λ^2-_xlpm.a_6)), _xlpm.Schott, _xlfn.LAMBDA(_xlpm.λ, _xlpm.a_1 + _xlpm.a_2*(_xlpm.λ^2) + _xlpm.b_1*(_xlpm.λ^4) + _xlpm.a_3*(_xlpm.λ^-2) + _xlpm.a_4*(_xlpm.λ^-4) + _xlpm.a_5*(_xlpm.λ^-6) + _xlpm.a_6*(_xlpm.λ^-8)), IF(ISNUMBER(SEARCH("Sellmeier", _xlpm.EqName)), IF(ISNUMBER(SEARCH("Mod", _xlpm.EqName)), SQRT((2*_xlpm.Sellmeier(_xlpm.λX)+1)/(1-_xlpm.Sellmeier(_xlpm.λX))), SQRT(1+_xlpm.Sellmeier(_xlpm.λX)) ), IF(ISNUMBER(SEARCH("Schott", _xlpm.EqName)), SQRT(_xlpm.Schott(_xlpm.λX)), NA() ) ) )} -> 1.6206711 | K19: {=_xlfn.LET( _xlpm.λX, _xlfn.SWITCH(INDEX($2:$2, COLUMN()), "nC", Addendum!$A$37/1000, "nd", Addendum!$A$46/1000, "ne", Addendum!$A$47/1000, "nF", Addendum!$A$62/1000, "ng", Addendum!$A$69/1000, ), _xlpm.EqName, INDEX($S:$S, ROW()), _xlpm.a_1, INDEX($T:$T, ROW()), _xlpm.a_2, INDEX($U:$U, ROW()), _xlpm.a_3, INDEX($V:$V, ROW()), _xlpm.a_4, INDEX($W:$W, ROW()), _xlpm.a_5, INDEX($X:$X, ROW()), _xlpm.a_6, INDEX($Y:$Y, ROW()), _xlpm.b_1, IF(ISNUMBER(SEARCH("Schott 3/4", _xlpm.EqName)), IFERROR(_xlfn.TEXTAFTER(INDEX($AE:$AE, ROW()), "="), 0), 0), _xlpm.Sellmeier, _xlfn.LAMBDA(_xlpm.λ, _xlpm.a_1*_xlpm.λ^2/(_xlpm.λ^2-_xlpm.a_4) + _xlpm.a_2*_xlpm.λ^2/(_xlpm.λ^2-_xlpm.a_5) + _xlpm.a_3*_xlpm.λ^2/(_xlpm.λ^2-_xlpm.a_6)), _xlpm.Schott, _xlfn.LAMBDA(_xlpm.λ, _xlpm.a_1 + _xlpm.a_2*(_xlpm.λ^2) + _xlpm.b_1*(_xlpm.λ^4) + _xlpm.a_3*(_xlpm.λ^-2) + _xlpm.a_4*(_xlpm.λ^-4) + _xlpm.a_5*(_xlpm.λ^-6) + _xlpm.a_6*(_xlpm.λ^-8)), IF(ISNUMBER(SEARCH("Sellmeier", _xlpm.EqName)), IF(ISNUMBER(SEARCH("Mod", _xlpm.EqName)), SQRT((2*_xlpm.Sellmeier(_xlpm.λX)+1)/(1-_xlpm.Sellmeier(_xlpm.λX))), SQRT(1+_xlpm.Sellmeier(_xlpm.λX)) ), IF(ISNUMBER(SEARCH("Schott", _xlpm.EqName)), SQRT(_xlpm.Schott(_xlpm.λX)), NA() ) ) )} -> 1.6264053 | L19: {=_xlfn.LET( _xlpm.λX, _xlfn.SWITCH(INDEX($2:$2, COLUMN()), "nC", Addendum!$A$37/1000, "nd", Addendum!$A$46/1000, "ne", Addendum!$A$47/1000, "nF", Addendum!$A$62/1000, "ng", Addendum!$A$69/1000, ), _xlpm.EqName, INDEX($S:$S, ROW()), _xlpm.a_1, INDEX($T:$T, ROW()), _xlpm.a_2, INDEX($U:$U, ROW()), _xlpm.a_3, INDEX($V:$V, ROW()), _xlpm.a_4, INDEX($W:$W, ROW()), _xlpm.a_5, INDEX($X:$X, ROW()), _xlpm.a_6, INDEX($Y:$Y, ROW()), _xlpm.b_1, IF(ISNUMBER(SEARCH("Schott 3/4", _xlpm.EqName)), IFERROR(_xlfn.TEXTAFTER(INDEX($AE:$AE, ROW()), "="), 0), 0), _xlpm.Sellmeier, _xlfn.LAMBDA(_xlpm.λ, _xlpm.a_1*_xlpm.λ^2/(_xlpm.λ^2-_xlpm.a_4) + _xlpm.a_2*_xlpm.λ^2/(_xlpm.λ^2-_xlpm.a_5) + _xlpm.a_3*_xlpm.λ^2/(_xlpm.λ^2-_xlpm.a_6)), _xlpm.Schott, _xlfn.LAMBDA(_xlpm.λ, _xlpm.a_1 + _xlpm.a_2*(_xlpm.λ^2) + _xlpm.b_1*(_xlpm.λ^4) + _xlpm.a_3*(_xlpm.λ^-2) + _xlpm.a_4*(_xlpm.λ^-4) + _xlpm.a_5*(_xlpm.λ^-6) + _xlpm.a_6*(_xlpm.λ^-8)), IF(ISNUMBER(SEARCH("Sellmeier", _xlpm.EqName)), IF(ISNUMBER(SEARCH("Mod", _xlpm.EqName)), SQRT((2*_xlpm.Sellmeier(_xlpm.λX)+1)/(1-_xlpm.Sellmeier(_xlpm.λX))), SQRT(1+_xlpm.Sellmeier(_xlpm.λX)) ), IF(ISNUMBER(SEARCH("Schott", _xlpm.EqName)), SQRT(_xlpm.Schott(_xlpm.λX)), NA() ) ) )} -> 1.6333539 | M19: =K19-H19 -> 0.012400157 | N19: =I19-H19 -> 0.0037166931 | O19: =L19-K19 -> 0.00694856 | P19: =(I19-H19)/M19 -> 0.29972953 | Q19: =(L19-K19)/M19 -> 0.56036067 | R19: -0.0006 | S19: Sellmeier 3 | T19: 1.4382284 | U19: 0.12810002 | V19: 1.3435553 | W19: 0.0085977975 | X19: 0.040861785 | Y19: 143.70989 | Z19: 3.23 | AA19: 579 | AB19: 680 | AC19: Not Specified | AD19: Not Specified
A20: 18 | B20: Ohara | C20: SiO | D20: S-BSM71 | E20: =I20 -> 1.6484979 | F20: =(I20-1)/M20 -> 53.024516 | G20: {=_xlfn.LET( _xlpm.λe, Addendum!$A$47/1000, _xlpm.λF, Addendum!$A$63/1000, _xlpm.λC, Addendum!$A$38/1000, _xlpm.EqName, INDEX($S:$S, ROW()), _xlpm.a_1, INDEX($T:$T, ROW()), _xlpm.a_2, INDEX($U:$U, ROW()), _xlpm.a_3, INDEX($V:$V, ROW()), _xlpm.a_4, INDEX($W:$W, ROW()), _xlpm.a_5, INDEX($X:$X, ROW()), _xlpm.a_6, INDEX($Y:$Y, ROW()), _xlpm.b_1, IF(ISNUMBER(SEARCH("Schott 3/4", _xlpm.EqName)), IFERROR(_xlfn.TEXTAFTER(INDEX($AE:$AE, ROW()), "="), 0), 0), _xlpm.Sellmeier, _xlfn.LAMBDA(_xlpm.λ, _xlpm.a_1*_xlpm.λ^2/(_xlpm.λ^2-_xlpm.a_4) + _xlpm.a_2*_xlpm.λ^2/(_xlpm.λ^2-_xlpm.a_5) + _xlpm.a_3*_xlpm.λ^2/(_xlpm.λ^2-_xlpm.a_6)), _xlpm.Schott, _xlfn.LAMBDA(_xlpm.λ, _xlpm.a_1 + _xlpm.a_2*(_xlpm.λ^2) + _xlpm.b_1*(_xlpm.λ^4) + _xlpm.a_3*(_xlpm.λ^-2) + _xlpm.a_4*(_xlpm.λ^-4) + _xlpm.a_5*(_xlpm.λ^-6) + _xlpm.a_6*(_xlpm.λ^-8)), _xlpm.RefrIndex, _xlfn.LAMBDA(_xlpm.λ, IF(ISNUMBER(SEARCH("Sellmeier", _xlpm.EqName)), IF(ISNUMBER(SEARCH("Mod", _xlpm.EqName)), SQRT((2*_xlpm.Sellmeier(_xlpm.λ)+1)/(1-_xlpm.Sellmeier(_xlpm.λ))), SQRT(1+_xlpm.Sellmeier(_xlpm.λ)) ), IF(ISNUMBER(SEARCH("Schott", _xlpm.EqName)), SQRT(_xlpm.Schott(_xlpm.λ)), NA() ) ) ), _xlpm.ne, _xlpm.RefrIndex(_xlpm.λe), _xlpm.nF, _xlpm.RefrIndex(_xlpm.λF), _xlpm.nC, _xlpm.RefrIndex(_xlpm.λC), (_xlpm.ne - 1)/(_xlpm.nF - _xlpm.nC) )} -> 52.731812 | H20: {=_xlfn.LET( _xlpm.λX, _xlfn.SWITCH(INDEX($2:$2, COLUMN()), "nC", Addendum!$A$37/1000, "nd", Addendum!$A$46/1000, "ne", Addendum!$A$47/1000, "nF", Addendum!$A$62/1000, "ng", Addendum!$A$69/1000, ), _xlpm.EqName, INDEX($S:$S, ROW()), _xlpm.a_1, INDEX($T:$T, ROW()), _xlpm.a_2, INDEX($U:$U, ROW()), _xlpm.a_3, INDEX($V:$V, ROW()), _xlpm.a_4, INDEX($W:$W, ROW()), _xlpm.a_5, INDEX($X:$X, ROW()), _xlpm.a_6, INDEX($Y:$Y, ROW()), _xlpm.b_1, IF(ISNUMBER(SEARCH("Schott 3/4", _xlpm.EqName)), IFERROR(_xlfn.TEXTAFTER(INDEX($AE:$AE, ROW()), "="), 0), 0), _xlpm.Sellmeier, _xlfn.LAMBDA(_xlpm.λ, _xlpm.a_1*_xlpm.λ^2/(_xlpm.λ^2-_xlpm.a_4) + _xlpm.a_2*_xlpm.λ^2/(_xlpm.λ^2-_xlpm.a_5) + _xlpm.a_3*_xlpm.λ^2/(_xlpm.λ^2-_xlpm.a_6)), _xlpm.Schott, _xlfn.LAMBDA(_xlpm.λ, _xlpm.a_1 + _xlpm.a_2*(_xlpm.λ^2) + _xlpm.b_1*(_xlpm.λ^4) + _xlpm.a_3*(_xlpm.λ^-2) + _xlpm.a_4*(_xlpm.λ^-4) + _xlpm.a_5*(_xlpm.λ^-6) + _xlpm.a_6*(_xlpm.λ^-8)), IF(ISNUMBER(SEARCH("Sellmeier", _xlpm.EqName)), IF(ISNUMBER(SEARCH("Mod", _xlpm.EqName)), SQRT((2*_xlpm.Sellmeier(_xlpm.λX)+1)/(1-_xlpm.Sellmeier(_xlpm.λX))), SQRT(1+_xlpm.Sellmeier(_xlpm.λX)) ), IF(ISNUMBER(SEARCH("Schott", _xlpm.EqName)), SQRT(_xlpm.Schott(_xlpm.λX)), NA() ) ) )} -> 1.6448152 | I20: {=_xlfn.LET( _xlpm.λX, _xlfn.SWITCH(INDEX($2:$2, COLUMN()), "nC", Addendum!$A$37/1000, "nd", Addendum!$A$46/1000, "ne", Addendum!$A$47/1000, "nF", Addendum!$A$62/1000, "ng", Addendum!$A$69/1000, ), _xlpm.EqName, INDEX($S:$S, ROW()), _xlpm.a_1, INDEX($T:$T, ROW()), _xlpm.a_2, INDEX($U:$U, ROW()), _xlpm.a_3, INDEX($V:$V, ROW()), _xlpm.a_4, INDEX($W:$W, ROW()), _xlpm.a_5, INDEX($X:$X, ROW()), _xlpm.a_6, INDEX($Y:$Y, ROW()), _xlpm.b_1, IF(ISNUMBER(SEARCH("Schott 3/4", _xlpm.EqName)), IFERROR(_xlfn.TEXTAFTER(INDEX($AE:$AE, ROW()), "="), 0), 0), _xlpm.Sellmeier, _xlfn.LAMBDA(_xlpm.λ, _xlpm.a_1*_xlpm.λ^2/(_xlpm.λ^2-_xlpm.a_4) + _xlpm.a_2*_xlpm.λ^2/(_xlpm.λ^2-_xlpm.a_5) + _xlpm.a_3*_xlpm.λ^2/(_xlpm.λ^2-_xlpm.a_6)), _xlpm.Schott, _xlfn.LAMBDA(_xlpm.λ, _xlpm.a_1 + _xlpm.a_2*(_xlpm.λ^2) + _xlpm.b_1*(_xlpm.λ^4) + _xlpm.a_3*(_xlpm.λ^-2) + _xlpm.a_4*(_xlpm.λ^-4) + _xlpm.a_5*(_xlpm.λ^-6) + _xlpm.a_6*(_xlpm.λ^-8)), IF(ISNUMBER(SEARCH("Sellmeier", _xlpm.EqName)), IF(ISNUMBER(SEARCH("Mod", _xlpm.EqName)), SQRT((2*_xlpm.Sellmeier(_xlpm.λX)+1)/(1-_xlpm.Sellmeier(_xlpm.λX))), SQRT(1+_xlpm.Sellmeier(_xlpm.λX)) ), IF(ISNUMBER(SEARCH("Schott", _xlpm.EqName)), SQRT(_xlpm.Schott(_xlpm.λX)), NA() ) ) )} -> 1.6484979 | J20: {=_xlfn.LET( _xlpm.λX, _xlfn.SWITCH(INDEX($2:$2, COLUMN()), "nC", Addendum!$A$37/1000, "nd", Addendum!$A$46/1000, "ne", Addendum!$A$47/1000, "nF", Addendum!$A$62/1000, "ng", Addendum!$A$69/1000, ), _xlpm.EqName, INDEX($S:$S, ROW()), _xlpm.a_1, INDEX($T:$T, ROW()), _xlpm.a_2, INDEX($U:$U, ROW()), _xlpm.a_3, INDEX($V:$V, ROW()), _xlpm.a_4, INDEX($W:$W, ROW()), _xlpm.a_5, INDEX($X:$X, ROW()), _xlpm.a_6, INDEX($Y:$Y, ROW()), _xlpm.b_1, IF(ISNUMBER(SEARCH("Schott 3/4", _xlpm.EqName)), IFERROR(_xlfn.TEXTAFTER(INDEX($AE:$AE, ROW()), "="), 0), 0), _xlpm.Sellmeier, _xlfn.LAMBDA(_xlpm.λ, _xlpm.a_1*_xlpm.λ^2/(_xlpm.λ^2-_xlpm.a_4) + _xlpm.a_2*_xlpm.λ^2/(_xlpm.λ^2-_xlpm.a_5) + _xlpm.a_3*_xlpm.λ^2/(_xlpm.λ^2-_xlpm.a_6)), _xlpm.Schott, _xlfn.LAMBDA(_xlpm.λ, _xlpm.a_1 + _xlpm.a_2*(_xlpm.λ^2) + _xlpm.b_1*(_xlpm.λ^4) + _xlpm.a_3*(_xlpm.λ^-2) + _xlpm.a_4*(_xlpm.λ^-4) + _xlpm.a_5*(_xlpm.λ^-6) + _xlpm.a_6*(_xlpm.λ^-8)), IF(ISNUMBER(SEARCH("Sellmeier", _xlpm.EqName)), IF(ISNUMBER(SEARCH("Mod", _xlpm.EqName)), SQRT((2*_xlpm.Sellmeier(_xlpm.λX)+1)/(1-_xlpm.Sellmeier(_xlpm.λX))), SQRT(1+_xlpm.Sellmeier(_xlpm.λX)) ), IF(ISNUMBER(SEARCH("Schott", _xlpm.EqName)), SQRT(_xlpm.Schott(_xlpm.λX)), NA() ) ) )} -> 1.6514093 | K20: {=_xlfn.LET( _xlpm.λX, _xlfn.SWITCH(INDEX($2:$2, COLUMN()), "nC", Addendum!$A$37/1000, "nd", Addendum!$A$46/1000, "ne", Addendum!$A$47/1000, "nF", Addendum!$A$62/1000, "ng", Addendum!$A$69/1000, ), _xlpm.EqName, INDEX($S:$S, ROW()), _xlpm.a_1, INDEX($T:$T, ROW()), _xlpm.a_2, INDEX($U:$U, ROW()), _xlpm.a_3, INDEX($V:$V, ROW()), _xlpm.a_4, INDEX($W:$W, ROW()), _xlpm.a_5, INDEX($X:$X, ROW()), _xlpm.a_6, INDEX($Y:$Y, ROW()), _xlpm.b_1, IF(ISNUMBER(SEARCH("Schott 3/4", _xlpm.EqName)), IFERROR(_xlfn.TEXTAFTER(INDEX($AE:$AE, ROW()), "="), 0), 0), _xlpm.Sellmeier, _xlfn.LAMBDA(_xlpm.λ, _xlpm.a_1*_xlpm.λ^2/(_xlpm.λ^2-_xlpm.a_4) + _xlpm.a_2*_xlpm.λ^2/(_xlpm.λ^2-_xlpm.a_5) + _xlpm.a_3*_xlpm.λ^2/(_xlpm.λ^2-_xlpm.a_6)), _xlpm.Schott, _xlfn.LAMBDA(_xlpm.λ, _xlpm.a_1 + _xlpm.a_2*(_xlpm.λ^2) + _xlpm.b_1*(_xlpm.λ^4) + _xlpm.a_3*(_xlpm.λ^-2) + _xlpm.a_4*(_xlpm.λ^-4) + _xlpm.a_5*(_xlpm.λ^-6) + _xlpm.a_6*(_xlpm.λ^-8)), IF(ISNUMBER(SEARCH("Sellmeier", _xlpm.EqName)), IF(ISNUMBER(SEARCH("Mod", _xlpm.EqName)), SQRT((2*_xlpm.Sellmeier(_xlpm.λX)+1)/(1-_xlpm.Sellmeier(_xlpm.λX))), SQRT(1+_xlpm.Sellmeier(_xlpm.λX)) ), IF(ISNUMBER(SEARCH("Schott", _xlpm.EqName)), SQRT(_xlpm.Schott(_xlpm.λX)), NA() ) ) )} -> 1.6570454 | L20: {=_xlfn.LET( _xlpm.λX, _xlfn.SWITCH(INDEX($2:$2, COLUMN()), "nC", Addendum!$A$37/1000, "nd", Addendum!$A$46/1000, "ne", Addendum!$A$47/1000, "nF", Addendum!$A$62/1000, "ng", Addendum!$A$69/1000, ), _xlpm.EqName, INDEX($S:$S, ROW()), _xlpm.a_1, INDEX($T:$T, ROW()), _xlpm.a_2, INDEX($U:$U, ROW()), _xlpm.a_3, INDEX($V:$V, ROW()), _xlpm.a_4, INDEX($W:$W, ROW()), _xlpm.a_5, INDEX($X:$X, ROW()), _xlpm.a_6, INDEX($Y:$Y, ROW()), _xlpm.b_1, IF(ISNUMBER(SEARCH("Schott 3/4", _xlpm.EqName)), IFERROR(_xlfn.TEXTAFTER(INDEX($AE:$AE, ROW()), "="), 0), 0), _xlpm.Sellmeier, _xlfn.LAMBDA(_xlpm.λ, _xlpm.a_1*_xlpm.λ^2/(_xlpm.λ^2-_xlpm.a_4) + _xlpm.a_2*_xlpm.λ^2/(_xlpm.λ^2-_xlpm.a_5) + _xlpm.a_3*_xlpm.λ^2/(_xlpm.λ^2-_xlpm.a_6)), _xlpm.Schott, _xlfn.LAMBDA(_xlpm.λ, _xlpm.a_1 + _xlpm.a_2*(_xlpm.λ^2) + _xlpm.b_1*(_xlpm.λ^4) + _xlpm.a_3*(_xlpm.λ^-2) + _xlpm.a_4*(_xlpm.λ^-4) + _xlpm.a_5*(_xlpm.λ^-6) + _xlpm.a_6*(_xlpm.λ^-8)), IF(ISNUMBER(SEARCH("Sellmeier", _xlpm.EqName)), IF(ISNUMBER(SEARCH("Mod", _xlpm.EqName)), SQRT((2*_xlpm.Sellmeier(_xlpm.λX)+1)/(1-_xlpm.Sellmeier(_xlpm.λX))), SQRT(1+_xlpm.Sellmeier(_xlpm.λX)) ), IF(ISNUMBER(SEARCH("Schott", _xlpm.EqName)), SQRT(_xlpm.Schott(_xlpm.λX)), NA() ) ) )} -> 1.6638317 | M20: =K20-H20 -> 0.012230152 | N20: =I20-H20 -> 0.0036826559 | O20: =L20-K20 -> 0.0067862852 | P20: =(I20-H20)/M20 -> 0.30111285 | Q20: =(L20-K20)/M20 -> 0.55488151 | R20: -0.001 | S20: Sellmeier 3 | T20: 1.5084788 | U20: 0.15809983 | V20: 1.3681537 | W20: 0.0081276908 | X20: 0.03542009 | Y20: 136.11004 | Z20: 3.74 | AA20: 654 | AB20: 737 | AC20: Not Specified | AD20: Not Specified
A21: 19 | B21: Ohara | C21: SiO | D21: S-BSM81 | E21: =I21 -> 1.6399986 | F21: =(I21-1)/M21 -> 60.07883 | G21: {=_xlfn.LET( _xlpm.λe, Addendum!$A$47/1000, _xlpm.λF, Addendum!$A$63/1000, _xlpm.λC, Addendum!$A$38/1000, _xlpm.EqName, INDEX($S:$S, ROW()), _xlpm.a_1, INDEX($T:$T, ROW()), _xlpm.a_2, INDEX($U:$U, ROW()), _xlpm.a_3, INDEX($V:$V, ROW()), _xlpm.a_4, INDEX($W:$W, ROW()), _xlpm.a_5, INDEX($X:$X, ROW()), _xlpm.a_6, INDEX($Y:$Y, ROW()), _xlpm.b_1, IF(ISNUMBER(SEARCH("Schott 3/4", _xlpm.EqName)), IFERROR(_xlfn.TEXTAFTER(INDEX($AE:$AE, ROW()), "="), 0), 0), _xlpm.Sellmeier, _xlfn.LAMBDA(_xlpm.λ, _xlpm.a_1*_xlpm.λ^2/(_xlpm.λ^2-_xlpm.a_4) + _xlpm.a_2*_xlpm.λ^2/(_xlpm.λ^2-_xlpm.a_5) + _xlpm.a_3*_xlpm.λ^2/(_xlpm.λ^2-_xlpm.a_6)), _xlpm.Schott, _xlfn.LAMBDA(_xlpm.λ, _xlpm.a_1 + _xlpm.a_2*(_xlpm.λ^2) + _xlpm.b_1*(_xlpm.λ^4) + _xlpm.a_3*(_xlpm.λ^-2) + _xlpm.a_4*(_xlpm.λ^-4) + _xlpm.a_5*(_xlpm.λ^-6) + _xlpm.a_6*(_xlpm.λ^-8)), _xlpm.RefrIndex, _xlfn.LAMBDA(_xlpm.λ, IF(ISNUMBER(SEARCH("Sellmeier", _xlpm.EqName)), IF(ISNUMBER(SEARCH("Mod", _xlpm.EqName)), SQRT((2*_xlpm.Sellmeier(_xlpm.λ)+1)/(1-_xlpm.Sellmeier(_xlpm.λ))), SQRT(1+_xlpm.Sellmeier(_xlpm.λ)) ), IF(ISNUMBER(SEARCH("Schott", _xlpm.EqName)), SQRT(_xlpm.Schott(_xlpm.λ)), NA() ) ) ), _xlpm.ne, _xlpm.RefrIndex(_xlpm.λe), _xlpm.nF, _xlpm.RefrIndex(_xlpm.λF), _xlpm.nC, _xlpm.RefrIndex(_xlpm.λC), (_xlpm.ne - 1)/(_xlpm.nF - _xlpm.nC) )} -> 59.881752 | H21: {=_xlfn.LET( _xlpm.λX, _xlfn.SWITCH(INDEX($2:$2, COLUMN()), "nC", Addendum!$A$37/1000, "nd", Addendum!$A$46/1000, "ne", Addendum!$A$47/1000, "nF", Addendum!$A$62/1000, "ng", Addendum!$A$69/1000, ), _xlpm.EqName, INDEX($S:$S, ROW()), _xlpm.a_1, INDEX($T:$T, ROW()), _xlpm.a_2, INDEX($U:$U, ROW()), _xlpm.a_3, INDEX($V:$V, ROW()), _xlpm.a_4, INDEX($W:$W, ROW()), _xlpm.a_5, INDEX($X:$X, ROW()), _xlpm.a_6, INDEX($Y:$Y, ROW()), _xlpm.b_1, IF(ISNUMBER(SEARCH("Schott 3/4", _xlpm.EqName)), IFERROR(_xlfn.TEXTAFTER(INDEX($AE:$AE, ROW()), "="), 0), 0), _xlpm.Sellmeier, _xlfn.LAMBDA(_xlpm.λ, _xlpm.a_1*_xlpm.λ^2/(_xlpm.λ^2-_xlpm.a_4) + _xlpm.a_2*_xlpm.λ^2/(_xlpm.λ^2-_xlpm.a_5) + _xlpm.a_3*_xlpm.λ^2/(_xlpm.λ^2-_xlpm.a_6)), _xlpm.Schott, _xlfn.LAMBDA(_xlpm.λ, _xlpm.a_1 + _xlpm.a_2*(_xlpm.λ^2) + _xlpm.b_1*(_xlpm.λ^4) + _xlpm.a_3*(_xlpm.λ^-2) + _xlpm.a_4*(_xlpm.λ^-4) + _xlpm.a_5*(_xlpm.λ^-6) + _xlpm.a_6*(_xlpm.λ^-8)), IF(ISNUMBER(SEARCH("Sellmeier", _xlpm.EqName)), IF(ISNUMBER(SEARCH("Mod", _xlpm.EqName)), SQRT((2*_xlpm.Sellmeier(_xlpm.λX)+1)/(1-_xlpm.Sellmeier(_xlpm.λX))), SQRT(1+_xlpm.Sellmeier(_xlpm.λX)) ), IF(ISNUMBER(SEARCH("Schott", _xlpm.EqName)), SQRT(_xlpm.Schott(_xlpm.λX)), NA() ) ) )} -> 1.6367284 | I21: {=_xlfn.LET( _xlpm.λX, _xlfn.SWITCH(INDEX($2:$2, COLUMN()), "nC", Addendum!$A$37/1000, "nd", Addendum!$A$46/1000, "ne", Addendum!$A$47/1000, "nF", Addendum!$A$62/1000, "ng", Addendum!$A$69/1000, ), _xlpm.EqName, INDEX($S:$S, ROW()), _xlpm.a_1, INDEX($T:$T, ROW()), _xlpm.a_2, INDEX($U:$U, ROW()), _xlpm.a_3, INDEX($V:$V, ROW()), _xlpm.a_4, INDEX($W:$W, ROW()), _xlpm.a_5, INDEX($X:$X, ROW()), _xlpm.a_6, INDEX($Y:$Y, ROW()), _xlpm.b_1, IF(ISNUMBER(SEARCH("Schott 3/4", _xlpm.EqName)), IFERROR(_xlfn.TEXTAFTER(INDEX($AE:$AE, ROW()), "="), 0), 0), _xlpm.Sellmeier, _xlfn.LAMBDA(_xlpm.λ, _xlpm.a_1*_xlpm.λ^2/(_xlpm.λ^2-_xlpm.a_4) + _xlpm.a_2*_xlpm.λ^2/(_xlpm.λ^2-_xlpm.a_5) + _xlpm.a_3*_xlpm.λ^2/(_xlpm.λ^2-_xlpm.a_6)), _xlpm.Schott, _xlfn.LAMBDA(_xlpm.λ, _xlpm.a_1 + _xlpm.a_2*(_xlpm.λ^2) + _xlpm.b_1*(_xlpm.λ^4) + _xlpm.a_3*(_xlpm.λ^-2) + _xlpm.a_4*(_xlpm.λ^-4) + _xlpm.a_5*(_xlpm.λ^-6) + _xlpm.a_6*(_xlpm.λ^-8)), IF(ISNUMBER(SEARCH("Sellmeier", _xlpm.EqName)), IF(ISNUMBER(SEARCH("Mod", _xlpm.EqName)), SQRT((2*_xlpm.Sellmeier(_xlpm.λX)+1)/(1-_xlpm.Sellmeier(_xlpm.λX))), SQRT(1+_xlpm.Sellmeier(_xlpm.λX)) ), IF(ISNUMBER(SEARCH("Schott", _xlpm.EqName)), SQRT(_xlpm.Schott(_xlpm.λX)), NA() ) ) )} -> 1.6399986 | J21: {=_xlfn.LET( _xlpm.λX, _xlfn.SWITCH(INDEX($2:$2, COLUMN()), "nC", Addendum!$A$37/1000, "nd", Addendum!$A$46/1000, "ne", Addendum!$A$47/1000, "nF", Addendum!$A$62/1000, "ng", Addendum!$A$69/1000, ), _xlpm.EqName, INDEX($S:$S, ROW()), _xlpm.a_1, INDEX($T:$T, ROW()), _xlpm.a_2, INDEX($U:$U, ROW()), _xlpm.a_3, INDEX($V:$V, ROW()), _xlpm.a_4, INDEX($W:$W, ROW()), _xlpm.a_5, INDEX($X:$X, ROW()), _xlpm.a_6, INDEX($Y:$Y, ROW()), _xlpm.b_1, IF(ISNUMBER(SEARCH("Schott 3/4", _xlpm.EqName)), IFERROR(_xlfn.TEXTAFTER(INDEX($AE:$AE, ROW()), "="), 0), 0), _xlpm.Sellmeier, _xlfn.LAMBDA(_xlpm.λ, _xlpm.a_1*_xlpm.λ^2/(_xlpm.λ^2-_xlpm.a_4) + _xlpm.a_2*_xlpm.λ^2/(_xlpm.λ^2-_xlpm.a_5) + _xlpm.a_3*_xlpm.λ^2/(_xlpm.λ^2-_xlpm.a_6)), _xlpm.Schott, _xlfn.LAMBDA(_xlpm.λ, _xlpm.a_1 + _xlpm.a_2*(_xlpm.λ^2) + _xlpm.b_1*(_xlpm.λ^4) + _xlpm.a_3*(_xlpm.λ^-2) + _xlpm.a_4*(_xlpm.λ^-4) + _xlpm.a_5*(_xlpm.λ^-6) + _xlpm.a_6*(_xlpm.λ^-8)), IF(ISNUMBER(SEARCH("Sellmeier", _xlpm.EqName)), IF(ISNUMBER(SEARCH("Mod", _xlpm.EqName)), SQRT((2*_xlpm.Sellmeier(_xlpm.λX)+1)/(1-_xlpm.Sellmeier(_xlpm.λX))), SQRT(1+_xlpm.Sellmeier(_xlpm.λX)) ), IF(ISNUMBER(SEARCH("Schott", _xlpm.EqName)), SQRT(_xlpm.Schott(_xlpm.λX)), NA() ) ) )} -> 1.64254 | K21: {=_xlfn.LET( _xlpm.λX, _xlfn.SWITCH(INDEX($2:$2, COLUMN()), "nC", Addendum!$A$37/1000, "nd", Addendum!$A$46/1000, "ne", Addendum!$A$47/1000, "nF", Addendum!$A$62/1000, "ng", Addendum!$A$69/1000, ), _xlpm.EqName, INDEX($S:$S, ROW()), _xlpm.a_1, INDEX($T:$T, ROW()), _xlpm.a_2, INDEX($U:$U, ROW()), _xlpm.a_3, INDEX($V:$V, ROW()), _xlpm.a_4, INDEX($W:$W, ROW()), _xlpm.a_5, INDEX($X:$X, ROW()), _xlpm.a_6, INDEX($Y:$Y, ROW()), _xlpm.b_1, IF(ISNUMBER(SEARCH("Schott 3/4", _xlpm.EqName)), IFERROR(_xlfn.TEXTAFTER(INDEX($AE:$AE, ROW()), "="), 0), 0), _xlpm.Sellmeier, _xlfn.LAMBDA(_xlpm.λ, _xlpm.a_1*_xlpm.λ^2/(_xlpm.λ^2-_xlpm.a_4) + _xlpm.a_2*_xlpm.λ^2/(_xlpm.λ^2-_xlpm.a_5) + _xlpm.a_3*_xlpm.λ^2/(_xlpm.λ^2-_xlpm.a_6)), _xlpm.Schott, _xlfn.LAMBDA(_xlpm.λ, _xlpm.a_1 + _xlpm.a_2*(_xlpm.λ^2) + _xlpm.b_1*(_xlpm.λ^4) + _xlpm.a_3*(_xlpm.λ^-2) + _xlpm.a_4*(_xlpm.λ^-4) + _xlpm.a_5*(_xlpm.λ^-6) + _xlpm.a_6*(_xlpm.λ^-8)), IF(ISNUMBER(SEARCH("Sellmeier", _xlpm.EqName)), IF(ISNUMBER(SEARCH("Mod", _xlpm.EqName)), SQRT((2*_xlpm.Sellmeier(_xlpm.λX)+1)/(1-_xlpm.Sellmeier(_xlpm.λX))), SQRT(1+_xlpm.Sellmeier(_xlpm.λX)) ), IF(ISNUMBER(SEARCH("Schott", _xlpm.EqName)), SQRT(_xlpm.Schott(_xlpm.λX)), NA() ) ) )} -> 1.647381 | L21: {=_xlfn.LET( _xlpm.λX, _xlfn.SWITCH(INDEX($2:$2, COLUMN()), "nC", Addendum!$A$37/1000, "nd", Addendum!$A$46/1000, "ne", Addendum!$A$47/1000, "nF", Addendum!$A$62/1000, "ng", Addendum!$A$69/1000, ), _xlpm.EqName, INDEX($S:$S, ROW()), _xlpm.a_1, INDEX($T:$T, ROW()), _xlpm.a_2, INDEX($U:$U, ROW()), _xlpm.a_3, INDEX($V:$V, ROW()), _xlpm.a_4, INDEX($W:$W, ROW()), _xlpm.a_5, INDEX($X:$X, ROW()), _xlpm.a_6, INDEX($Y:$Y, ROW()), _xlpm.b_1, IF(ISNUMBER(SEARCH("Schott 3/4", _xlpm.EqName)), IFERROR(_xlfn.TEXTAFTER(INDEX($AE:$AE, ROW()), "="), 0), 0), _xlpm.Sellmeier, _xlfn.LAMBDA(_xlpm.λ, _xlpm.a_1*_xlpm.λ^2/(_xlpm.λ^2-_xlpm.a_4) + _xlpm.a_2*_xlpm.λ^2/(_xlpm.λ^2-_xlpm.a_5) + _xlpm.a_3*_xlpm.λ^2/(_xlpm.λ^2-_xlpm.a_6)), _xlpm.Schott, _xlfn.LAMBDA(_xlpm.λ, _xlpm.a_1 + _xlpm.a_2*(_xlpm.λ^2) + _xlpm.b_1*(_xlpm.λ^4) + _xlpm.a_3*(_xlpm.λ^-2) + _xlpm.a_4*(_xlpm.λ^-4) + _xlpm.a_5*(_xlpm.λ^-6) + _xlpm.a_6*(_xlpm.λ^-8)), IF(ISNUMBER(SEARCH("Sellmeier", _xlpm.EqName)), IF(ISNUMBER(SEARCH("Mod", _xlpm.EqName)), SQRT((2*_xlpm.Sellmeier(_xlpm.λX)+1)/(1-_xlpm.Sellmeier(_xlpm.λX))), SQRT(1+_xlpm.Sellmeier(_xlpm.λX)) ), IF(ISNUMBER(SEARCH("Schott", _xlpm.EqName)), SQRT(_xlpm.Schott(_xlpm.λX)), NA() ) ) )} -> 1.6531021 | M21: =K21-H21 -> 0.010652648 | N21: =I21-H21 -> 0.0032702339 | O21: =L21-K21 -> 0.0057210407 | P21: =(I21-H21)/M21 -> 0.30698789 | Q21: =(L21-K21)/M21 -> 0.53705339 | R21: -0.0073 | S21: Sellmeier 3 | T21: 0.99635684 | U21: 0.65139284 | V21: 1.2243262 | W21: 0.014482159 | X21: 0.0015482639 | Y21: 89.98186 | Z21: 3.06 | AA21: 662 | AB21: 721 | AC21: Not Specified | AD21: Recommended
... A33: 31 | B33: Ohara | C33: SiO | D33: S-BAH28 | E33: =I33 -> 1.7234198 | F33: =(I33-1)/M33 -> 37.956071 | G33: {=_xlfn.LET( _xlpm.λe, Addendum!$A$47/1000, _xlpm.λF, Addendum!$A$63/1000, _xlpm.λC, Addendum!$A$38/1000, _xlpm.EqName, INDEX($S:$S, ROW()), _xlpm.a_1, INDEX($T:$T, ROW()), _xlpm.a_2, INDEX($U:$U, ROW()), _xlpm.a_3, INDEX($V:$V, ROW()), _xlpm.a_4, INDEX($W:$W, ROW()), _xlpm.a_5, INDEX($X:$X, ROW()), _xlpm.a_6, INDEX($Y:$Y, ROW()), _xlpm.b_1, IF(ISNUMBER(SEARCH("Schott 3/4", _xlpm.EqName)), IFERROR(_xlfn.TEXTAFTER(INDEX($AE:$AE, ROW()), "="), 0), 0), _xlpm.Sellmeier, _xlfn.LAMBDA(_xlpm.λ, _xlpm.a_1*_xlpm.λ^2/(_xlpm.λ^2-_xlpm.a_4) + _xlpm.a_2*_xlpm.λ^2/(_xlpm.λ^2-_xlpm.a_5) + _xlpm.a_3*_xlpm.λ^2/(_xlpm.λ^2-_xlpm.a_6)), _xlpm.Schott, _xlfn.LAMBDA(_xlpm.λ, _xlpm.a_1 + _xlpm.a_2*(_xlpm.λ^2) + _xlpm.b_1*(_xlpm.λ^4) + _xlpm.a_3*(_xlpm.λ^-2) + _xlpm.a_4*(_xlpm.λ^-4) + _xlpm.a_5*(_xlpm.λ^-6) + _xlpm.a_6*(_xlpm.λ^-8)), _xlpm.RefrIndex, _xlfn.LAMBDA(_xlpm.λ, IF(ISNUMBER(SEARCH("Sellmeier", _xlpm.EqName)), IF(ISNUMBER(SEARCH("Mod", _xlpm.EqName)), SQRT((2*_xlpm.Sellmeier(_xlpm.λ)+1)/(1-_xlpm.Sellmeier(_xlpm.λ))), SQRT(1+_xlpm.Sellmeier(_xlpm.λ)) ), IF(ISNUMBER(SEARCH("Schott", _xlpm.EqName)), SQRT(_xlpm.Schott(_xlpm.λ)), NA() ) ) ), _xlpm.ne, _xlpm.RefrIndex(_xlpm.λe), _xlpm.nF, _xlpm.RefrIndex(_xlpm.λF), _xlpm.nC, _xlpm.RefrIndex(_xlpm.λC), (_xlpm.ne - 1)/(_xlpm.nF - _xlpm.nC) )} -> 37.678631 | H33: {=_xlfn.LET( _xlpm.λX, _xlfn.SWITCH(INDEX($2:$2, COLUMN()), "nC", Addendum!$A$37/1000, "nd", Addendum!$A$46/1000, "ne", Addendum!$A$47/1000, "nF", Addendum!$A$62/1000, "ng", Addendum!$A$69/1000, ), _xlpm.EqName, INDEX($S:$S, ROW()), _xlpm.a_1, INDEX($T:$T, ROW()), _xlpm.a_2, INDEX($U:$U, ROW()), _xlpm.a_3, INDEX($V:$V, ROW()), _xlpm.a_4, INDEX($W:$W, ROW()), _xlpm.a_5, INDEX($X:$X, ROW()), _xlpm.a_6, INDEX($Y:$Y, ROW()), _xlpm.b_1, IF(ISNUMBER(SEARCH("Schott 3/4", _xlpm.EqName)), IFERROR(_xlfn.TEXTAFTER(INDEX($AE:$AE, ROW()), "="), 0), 0), _xlpm.Sellmeier, _xlfn.LAMBDA(_xlpm.λ, _xlpm.a_1*_xlpm.λ^2/(_xlpm.λ^2-_xlpm.a_4) + _xlpm.a_2*_xlpm.λ^2/(_xlpm.λ^2-_xlpm.a_5) + _xlpm.a_3*_xlpm.λ^2/(_xlpm.λ^2-_xlpm.a_6)), _xlpm.Schott, _xlfn.LAMBDA(_xlpm.λ, _xlpm.a_1 + _xlpm.a_2*(_xlpm.λ^2) + _xlpm.b_1*(_xlpm.λ^4) + _xlpm.a_3*(_xlpm.λ^-2) + _xlpm.a_4*(_xlpm.λ^-4) + _xlpm.a_5*(_xlpm.λ^-6) + _xlpm.a_6*(_xlpm.λ^-8)), IF(ISNUMBER(SEARCH("Sellmeier", _xlpm.EqName)), IF(ISNUMBER(SEARCH("Mod", _xlpm.EqName)), SQRT((2*_xlpm.Sellmeier(_xlpm.λX)+1)/(1-_xlpm.Sellmeier(_xlpm.λX))), SQRT(1+_xlpm.Sellmeier(_xlpm.λX)) ), IF(ISNUMBER(SEARCH("Schott", _xlpm.EqName)), SQRT(_xlpm.Schott(_xlpm.λX)), NA() ) ) )} -> 1.7178158 | I33: {=_xlfn.LET( _xlpm.λX, _xlfn.SWITCH(INDEX($2:$2, COLUMN()), "nC", Addendum!$A$37/1000, "nd", Addendum!$A$46/1000, "ne", Addendum!$A$47/1000, "nF", Addendum!$A$62/1000, "ng", Addendum!$A$69/1000, ), _xlpm.EqName, INDEX($S:$S, ROW()), _xlpm.a_1, INDEX($T:$T, ROW()), _xlpm.a_2, INDEX($U:$U, ROW()), _xlpm.a_3, INDEX($V:$V, ROW()), _xlpm.a_4, INDEX($W:$W, ROW()), _xlpm.a_5, INDEX($X:$X, ROW()), _xlpm.a_6, INDEX($Y:$Y, ROW()), _xlpm.b_1, IF(ISNUMBER(SEARCH("Schott 3/4", _xlpm.EqName)), IFERROR(_xlfn.TEXTAFTER(INDEX($AE:$AE, ROW()), "="), 0), 0), _xlpm.Sellmeier, _xlfn.LAMBDA(_xlpm.λ, _xlpm.a_1*_xlpm.λ^2/(_xlpm.λ^2-_xlpm.a_4) + _xlpm.a_2*_xlpm.λ^2/(_xlpm.λ^2-_xlpm.a_5) + _xlpm.a_3*_xlpm.λ^2/(_xlpm.λ^2-_xlpm.a_6)), _xlpm.Schott, _xlfn.LAMBDA(_xlpm.λ, _xlpm.a_1 + _xlpm.a_2*(_xlpm.λ^2) + _xlpm.b_1*(_xlpm.λ^4) + _xlpm.a_3*(_xlpm.λ^-2) + _xlpm.a_4*(_xlpm.λ^-4) + _xlpm.a_5*(_xlpm.λ^-6) + _xlpm.a_6*(_xlpm.λ^-8)), IF(ISNUMBER(SEARCH("Sellmeier", _xlpm.EqName)), IF(ISNUMBER(SEARCH("Mod", _xlpm.EqName)), SQRT((2*_xlpm.Sellmeier(_xlpm.λX)+1)/(1-_xlpm.Sellmeier(_xlpm.λX))), SQRT(1+_xlpm.Sellmeier(_xlpm.λX)) ), IF(ISNUMBER(SEARCH("Schott", _xlpm.EqName)), SQRT(_xlpm.Schott(_xlpm.λX)), NA() ) ) )} -> 1.7234198 | J33: {=_xlfn.LET( _xlpm.λX, _xlfn.SWITCH(INDEX($2:$2, COLUMN()), "nC", Addendum!$A$37/1000, "nd", Addendum!$A$46/1000, "ne", Addendum!$A$47/1000, "nF", Addendum!$A$62/1000, "ng", Addendum!$A$69/1000, ), _xlpm.EqName, INDEX($S:$S, ROW()), _xlpm.a_1, INDEX($T:$T, ROW()), _xlpm.a_2, INDEX($U:$U, ROW()), _xlpm.a_3, INDEX($V:$V, ROW()), _xlpm.a_4, INDEX($W:$W, ROW()), _xlpm.a_5, INDEX($X:$X, ROW()), _xlpm.a_6, INDEX($Y:$Y, ROW()), _xlpm.b_1, IF(ISNUMBER(SEARCH("Schott 3/4", _xlpm.EqName)), IFERROR(_xlfn.TEXTAFTER(INDEX($AE:$AE, ROW()), "="), 0), 0), _xlpm.Sellmeier, _xlfn.LAMBDA(_xlpm.λ, _xlpm.a_1*_xlpm.λ^2/(_xlpm.λ^2-_xlpm.a_4) + _xlpm.a_2*_xlpm.λ^2/(_xlpm.λ^2-_xlpm.a_5) + _xlpm.a_3*_xlpm.λ^2/(_xlpm.λ^2-_xlpm.a_6)), _xlpm.Schott, _xlfn.LAMBDA(_xlpm.λ, _xlpm.a_1 + _xlpm.a_2*(_xlpm.λ^2) + _xlpm.b_1*(_xlpm.λ^4) + _xlpm.a_3*(_xlpm.λ^-2) + _xlpm.a_4*(_xlpm.λ^-4) + _xlpm.a_5*(_xlpm.λ^-6) + _xlpm.a_6*(_xlpm.λ^-8)), IF(ISNUMBER(SEARCH("Sellmeier", _xlpm.EqName)), IF(ISNUMBER(SEARCH("Mod", _xlpm.EqName)), SQRT((2*_xlpm.Sellmeier(_xlpm.λX)+1)/(1-_xlpm.Sellmeier(_xlpm.λX))), SQRT(1+_xlpm.Sellmeier(_xlpm.λX)) ), IF(ISNUMBER(SEARCH("Schott", _xlpm.EqName)), SQRT(_xlpm.Schott(_xlpm.λX)), NA() ) ) )} -> 1.7279348 | K33: {=_xlfn.LET( _xlpm.λX, _xlfn.SWITCH(INDEX($2:$2, COLUMN()), "nC", Addendum!$A$37/1000, "nd", Addendum!$A$46/1000, "ne", Addendum!$A$47/1000, "nF", Addendum!$A$62/1000, "ng", Addendum!$A$69/1000, ), _xlpm.EqName, INDEX($S:$S, ROW()), _xlpm.a_1, INDEX($T:$T, ROW()), _xlpm.a_2, INDEX($U:$U, ROW()), _xlpm.a_3, INDEX($V:$V, ROW()), _xlpm.a_4, INDEX($W:$W, ROW()), _xlpm.a_5, INDEX($X:$X, ROW()), _xlpm.a_6, INDEX($Y:$Y, ROW()), _xlpm.b_1, IF(ISNUMBER(SEARCH("Schott 3/4", _xlpm.EqName)), IFERROR(_xlfn.TEXTAFTER(INDEX($AE:$AE, ROW()), "="), 0), 0), _xlpm.Sellmeier, _xlfn.LAMBDA(_xlpm.λ, _xlpm.a_1*_xlpm.λ^2/(_xlpm.λ^2-_xlpm.a_4) + _xlpm.a_2*_xlpm.λ^2/(_xlpm.λ^2-_xlpm.a_5) + _xlpm.a_3*_xlpm.λ^2/(_xlpm.λ^2-_xlpm.a_6)), _xlpm.Schott, _xlfn.LAMBDA(_xlpm.λ, _xlpm.a_1 + _xlpm.a_2*(_xlpm.λ^2) + _xlpm.b_1*(_xlpm.λ^4) + _xlpm.a_3*(_xlpm.λ^-2) + _xlpm.a_4*(_xlpm.λ^-4) + _xlpm.a_5*(_xlpm.λ^-6) + _xlpm.a_6*(_xlpm.λ^-8)), IF(ISNUMBER(SEARCH("Sellmeier", _xlpm.EqName)), IF(ISNUMBER(SEARCH("Mod", _xlpm.EqName)), SQRT((2*_xlpm.Sellmeier(_xlpm.λX)+1)/(1-_xlpm.Sellmeier(_xlpm.λX))), SQRT(1+_xlpm.Sellmeier(_xlpm.λX)) ), IF(ISNUMBER(SEARCH("Schott", _xlpm.EqName)), SQRT(_xlpm.Schott(_xlpm.λX)), NA() ) ) )} -> 1.7368752 | L33: {=_xlfn.LET( _xlpm.λX, _xlfn.SWITCH(INDEX($2:$2, COLUMN()), "nC", Addendum!$A$37/1000, "nd", Addendum!$A$46/1000, "ne", Addendum!$A$47/1000, "nF", Addendum!$A$62/1000, "ng", Addendum!$A$69/1000, ), _xlpm.EqName, INDEX($S:$S, ROW()), _xlpm.a_1, INDEX($T:$T, ROW()), _xlpm.a_2, INDEX($U:$U, ROW()), _xlpm.a_3, INDEX($V:$V, ROW()), _xlpm.a_4, INDEX($W:$W, ROW()), _xlpm.a_5, INDEX($X:$X, ROW()), _xlpm.a_6, INDEX($Y:$Y, ROW()), _xlpm.b_1, IF(ISNUMBER(SEARCH("Schott 3/4", _xlpm.EqName)), IFERROR(_xlfn.TEXTAFTER(INDEX($AE:$AE, ROW()), "="), 0), 0), _xlpm.Sellmeier, _xlfn.LAMBDA(_xlpm.λ, _xlpm.a_1*_xlpm.λ^2/(_xlpm.λ^2-_xlpm.a_4) + _xlpm.a_2*_xlpm.λ^2/(_xlpm.λ^2-_xlpm.a_5) + _xlpm.a_3*_xlpm.λ^2/(_xlpm.λ^2-_xlpm.a_6)), _xlpm.Schott, _xlfn.LAMBDA(_xlpm.λ, _xlpm.a_1 + _xlpm.a_2*(_xlpm.λ^2) + _xlpm.b_1*(_xlpm.λ^4) + _xlpm.a_3*(_xlpm.λ^-2) + _xlpm.a_4*(_xlpm.λ^-4) + _xlpm.a_5*(_xlpm.λ^-6) + _xlpm.a_6*(_xlpm.λ^-8)), IF(ISNUMBER(SEARCH("Sellmeier", _xlpm.EqName)), IF(ISNUMBER(SEARCH("Mod", _xlpm.EqName)), SQRT((2*_xlpm.Sellmeier(_xlpm.λX)+1)/(1-_xlpm.Sellmeier(_xlpm.λX))), SQRT(1+_xlpm.Sellmeier(_xlpm.λX)) ), IF(ISNUMBER(SEARCH("Schott", _xlpm.EqName)), SQRT(_xlpm.Schott(_xlpm.λX)), NA() ) ) )} -> 1.7480005 | M33: =K33-H33 -> 0.019059397 | N33: =I33-H33 -> 0.0056040533 | O33: =L33-K33 -> 0.011125348 | P33: =(I33-H33)/M33 -> 0.29403099 | Q33: =(L33-K33)/M33 -> 0.58371984 | R33: 0.0035 | S33: Sellmeier 3 | T33: 1.6949348 | U33: 0.1928903 | V33: 1.5638595 | W33: 0.010272319 | X33: 0.052118764 | Y33: 137.81804 | Z33: 3.67 | AA33: 636 | AB33: 739 | AC33: Not Specified | AD33: Not Specified
A34: 32 | B34: Ohara | C34: NaPO | D34: S-PHM52 | E34: =I34 -> 1.6179999 | F34: =(I34-1)/M34 -> 63.334253 | G34: {=_xlfn.LET( _xlpm.λe, Addendum!$A$47/1000, _xlpm.λF, Addendum!$A$63/1000, _xlpm.λC, Addendum!$A$38/1000, _xlpm.EqName, INDEX($S:$S, ROW()), _xlpm.a_1, INDEX($T:$T, ROW()), _xlpm.a_2, INDEX($U:$U, ROW()), _xlpm.a_3, INDEX($V:$V, ROW()), _xlpm.a_4, INDEX($W:$W, ROW()), _xlpm.a_5, INDEX($X:$X, ROW()), _xlpm.a_6, INDEX($Y:$Y, ROW()), _xlpm.b_1, IF(ISNUMBER(SEARCH("Schott 3/4", _xlpm.EqName)), IFERROR(_xlfn.TEXTAFTER(INDEX($AE:$AE, ROW()), "="), 0), 0), _xlpm.Sellmeier, _xlfn.LAMBDA(_xlpm.λ, _xlpm.a_1*_xlpm.λ^2/(_xlpm.λ^2-_xlpm.a_4) + _xlpm.a_2*_xlpm.λ^2/(_xlpm.λ^2-_xlpm.a_5) + _xlpm.a_3*_xlpm.λ^2/(_xlpm.λ^2-_xlpm.a_6)), _xlpm.Schott, _xlfn.LAMBDA(_xlpm.λ, _xlpm.a_1 + _xlpm.a_2*(_xlpm.λ^2) + _xlpm.b_1*(_xlpm.λ^4) + _xlpm.a_3*(_xlpm.λ^-2) + _xlpm.a_4*(_xlpm.λ^-4) + _xlpm.a_5*(_xlpm.λ^-6) + _xlpm.a_6*(_xlpm.λ^-8)), _xlpm.RefrIndex, _xlfn.LAMBDA(_xlpm.λ, IF(ISNUMBER(SEARCH("Sellmeier", _xlpm.EqName)), IF(ISNUMBER(SEARCH("Mod", _xlpm.EqName)), SQRT((2*_xlpm.Sellmeier(_xlpm.λ)+1)/(1-_xlpm.Sellmeier(_xlpm.λ))), SQRT(1+_xlpm.Sellmeier(_xlpm.λ)) ), IF(ISNUMBER(SEARCH("Schott", _xlpm.EqName)), SQRT(_xlpm.Schott(_xlpm.λ)), NA() ) ) ), _xlpm.ne, _xlpm.RefrIndex(_xlpm.λe), _xlpm.nF, _xlpm.RefrIndex(_xlpm.λF), _xlpm.nC, _xlpm.RefrIndex(_xlpm.λC), (_xlpm.ne - 1)/(_xlpm.nF - _xlpm.nC) )} -> 63.022313 | H34: {=_xlfn.LET( _xlpm.λX, _xlfn.SWITCH(INDEX($2:$2, COLUMN()), "nC", Addendum!$A$37/1000, "nd", Addendum!$A$46/1000, "ne", Addendum!$A$47/1000, "nF", Addendum!$A$62/1000, "ng", Addendum!$A$69/1000, ), _xlpm.EqName, INDEX($S:$S, ROW()), _xlpm.a_1, INDEX($T:$T, ROW()), _xlpm.a_2, INDEX($U:$U, ROW()), _xlpm.a_3, INDEX($V:$V, ROW()), _xlpm.a_4, INDEX($W:$W, ROW()), _xlpm.a_5, INDEX($X:$X, ROW()), _xlpm.a_6, INDEX($Y:$Y, ROW()), _xlpm.b_1, IF(ISNUMBER(SEARCH("Schott 3/4", _xlpm.EqName)), IFERROR(_xlfn.TEXTAFTER(INDEX($AE:$AE, ROW()), "="), 0), 0), _xlpm.Sellmeier, _xlfn.LAMBDA(_xlpm.λ, _xlpm.a_1*_xlpm.λ^2/(_xlpm.λ^2-_xlpm.a_4) + _xlpm.a_2*_xlpm.λ^2/(_xlpm.λ^2-_xlpm.a_5) + _xlpm.a_3*_xlpm.λ^2/(_xlpm.λ^2-_xlpm.a_6)), _xlpm.Schott, _xlfn.LAMBDA(_xlpm.λ, _xlpm.a_1 + _xlpm.a_2*(_xlpm.λ^2) + _xlpm.b_1*(_xlpm.λ^4) + _xlpm.a_3*(_xlpm.λ^-2) + _xlpm.a_4*(_xlpm.λ^-4) + _xlpm.a_5*(_xlpm.λ^-6) + _xlpm.a_6*(_xlpm.λ^-8)), IF(ISNUMBER(SEARCH("Sellmeier", _xlpm.EqName)), IF(ISNUMBER(SEARCH("Mod", _xlpm.EqName)), SQRT((2*_xlpm.Sellmeier(_xlpm.λX)+1)/(1-_xlpm.Sellmeier(_xlpm.λX))), SQRT(1+_xlpm.Sellmeier(_xlpm.λX)) ), IF(ISNUMBER(SEARCH("Schott", _xlpm.EqName)), SQRT(_xlpm.Schott(_xlpm.λX)), NA() ) ) )} -> 1.6150361 | I34: {=_xlfn.LET( _xlpm.λX, _xlfn.SWITCH(INDEX($2:$2, COLUMN()), "nC", Addendum!$A$37/1000, "nd", Addendum!$A$46/1000, "ne", Addendum!$A$47/1000, "nF", Addendum!$A$62/1000, "ng", Addendum!$A$69/1000, ), _xlpm.EqName, INDEX($S:$S, ROW()), _xlpm.a_1, INDEX($T:$T, ROW()), _xlpm.a_2, INDEX($U:$U, ROW()), _xlpm.a_3, INDEX($V:$V, ROW()), _xlpm.a_4, INDEX($W:$W, ROW()), _xlpm.a_5, INDEX($X:$X, ROW()), _xlpm.a_6, INDEX($Y:$Y, ROW()), _xlpm.b_1, IF(ISNUMBER(SEARCH("Schott 3/4", _xlpm.EqName)), IFERROR(_xlfn.TEXTAFTER(INDEX($AE:$AE, ROW()), "="), 0), 0), _xlpm.Sellmeier, _xlfn.LAMBDA(_xlpm.λ, _xlpm.a_1*_xlpm.λ^2/(_xlpm.λ^2-_xlpm.a_4) + _xlpm.a_2*_xlpm.λ^2/(_xlpm.λ^2-_xlpm.a_5) + _xlpm.a_3*_xlpm.λ^2/(_xlpm.λ^2-_xlpm.a_6)), _xlpm.Schott, _xlfn.LAMBDA(_xlpm.λ, _xlpm.a_1 + _xlpm.a_2*(_xlpm.λ^2) + _xlpm.b_1*(_xlpm.λ^4) + _xlpm.a_3*(_xlpm.λ^-2) + _xlpm.a_4*(_xlpm.λ^-4) + _xlpm.a_5*(_xlpm.λ^-6) + _xlpm.a_6*(_xlpm.λ^-8)), IF(ISNUMBER(SEARCH("Sellmeier", _xlpm.EqName)), IF(ISNUMBER(SEARCH("Mod", _xlpm.EqName)), SQRT((2*_xlpm.Sellmeier(_xlpm.λX)+1)/(1-_xlpm.Sellmeier(_xlpm.λX))), SQRT(1+_xlpm.Sellmeier(_xlpm.λX)) ), IF(ISNUMBER(SEARCH("Schott", _xlpm.EqName)), SQRT(_xlpm.Schott(_xlpm.λX)), NA() ) ) )} -> 1.6179999 | J34: {=_xlfn.LET( _xlpm.λX, _xlfn.SWITCH(INDEX($2:$2, COLUMN()), "nC", Addendum!$A$37/1000, "nd", Addendum!$A$46/1000, "ne", Addendum!$A$47/1000, "nF", Addendum!$A$62/1000, "ng", Addendum!$A$69/1000, ), _xlpm.EqName, INDEX($S:$S, ROW()), _xlpm.a_1, INDEX($T:$T, ROW()), _xlpm.a_2, INDEX($U:$U, ROW()), _xlpm.a_3, INDEX($V:$V, ROW()), _xlpm.a_4, INDEX($W:$W, ROW()), _xlpm.a_5, INDEX($X:$X, ROW()), _xlpm.a_6, INDEX($Y:$Y, ROW()), _xlpm.b_1, IF(ISNUMBER(SEARCH("Schott 3/4", _xlpm.EqName)), IFERROR(_xlfn.TEXTAFTER(INDEX($AE:$AE, ROW()), "="), 0), 0), _xlpm.Sellmeier, _xlfn.LAMBDA(_xlpm.λ, _xlpm.a_1*_xlpm.λ^2/(_xlpm.λ^2-_xlpm.a_4) + _xlpm.a_2*_xlpm.λ^2/(_xlpm.λ^2-_xlpm.a_5) + _xlpm.a_3*_xlpm.λ^2/(_xlpm.λ^2-_xlpm.a_6)), _xlpm.Schott, _xlfn.LAMBDA(_xlpm.λ, _xlpm.a_1 + _xlpm.a_2*(_xlpm.λ^2) + _xlpm.b_1*(_xlpm.λ^4) + _xlpm.a_3*(_xlpm.λ^-2) + _xlpm.a_4*(_xlpm.λ^-4) + _xlpm.a_5*(_xlpm.λ^-6) + _xlpm.a_6*(_xlpm.λ^-8)), IF(ISNUMBER(SEARCH("Sellmeier", _xlpm.EqName)), IF(ISNUMBER(SEARCH("Mod", _xlpm.EqName)), SQRT((2*_xlpm.Sellmeier(_xlpm.λX)+1)/(1-_xlpm.Sellmeier(_xlpm.λX))), SQRT(1+_xlpm.Sellmeier(_xlpm.λX)) ), IF(ISNUMBER(SEARCH("Schott", _xlpm.EqName)), SQRT(_xlpm.Schott(_xlpm.λX)), NA() ) ) )} -> 1.6203271 | K34: {=_xlfn.LET( _xlpm.λX, _xlfn.SWITCH(INDEX($2:$2, COLUMN()), "nC", Addendum!$A$37/1000, "nd", Addendum!$A$46/1000, "ne", Addendum!$A$47/1000, "nF", Addendum!$A$62/1000, "ng", Addendum!$A$69/1000, ), _xlpm.EqName, INDEX($S:$S, ROW()), _xlpm.a_1, INDEX($T:$T, ROW()), _xlpm.a_2, INDEX($U:$U, ROW()), _xlpm.a_3, INDEX($V:$V, ROW()), _xlpm.a_4, INDEX($W:$W, ROW()), _xlpm.a_5, INDEX($X:$X, ROW()), _xlpm.a_6, INDEX($Y:$Y, ROW()), _xlpm.b_1, IF(ISNUMBER(SEARCH("Schott 3/4", _xlpm.EqName)), IFERROR(_xlfn.TEXTAFTER(INDEX($AE:$AE, ROW()), "="), 0), 0), _xlpm.Sellmeier, _xlfn.LAMBDA(_xlpm.λ, _xlpm.a_1*_xlpm.λ^2/(_xlpm.λ^2-_xlpm.a_4) + _xlpm.a_2*_xlpm.λ^2/(_xlpm.λ^2-_xlpm.a_5) + _xlpm.a_3*_xlpm.λ^2/(_xlpm.λ^2-_xlpm.a_6)), _xlpm.Schott, _xlfn.LAMBDA(_xlpm.λ, _xlpm.a_1 + _xlpm.a_2*(_xlpm.λ^2) + _xlpm.b_1*(_xlpm.λ^4) + _xlpm.a_3*(_xlpm.λ^-2) + _xlpm.a_4*(_xlpm.λ^-4) + _xlpm.a_5*(_xlpm.λ^-6) + _xlpm.a_6*(_xlpm.λ^-8)), IF(ISNUMBER(SEARCH("Sellmeier", _xlpm.EqName)), IF(ISNUMBER(SEARCH("Mod", _xlpm.EqName)), SQRT((2*_xlpm.Sellmeier(_xlpm.λX)+1)/(1-_xlpm.Sellmeier(_xlpm.λX))), SQRT(1+_xlpm.Sellmeier(_xlpm.λX)) ), IF(ISNUMBER(SEARCH("Schott", _xlpm.EqName)), SQRT(_xlpm.Schott(_xlpm.λX)), NA() ) ) )} -> 1.6247938 | L34: {=_xlfn.LET( _xlpm.λX, _xlfn.SWITCH(INDEX($2:$2, COLUMN()), "nC", Addendum!$A$37/1000, "nd", Addendum!$A$46/1000, "ne", Addendum!$A$47/1000, "nF", Addendum!$A$62/1000, "ng", Addendum!$A$69/1000, ), _xlpm.EqName, INDEX($S:$S, ROW()), _xlpm.a_1, INDEX($T:$T, ROW()), _xlpm.a_2, INDEX($U:$U, ROW()), _xlpm.a_3, INDEX($V:$V, ROW()), _xlpm.a_4, INDEX($W:$W, ROW()), _xlpm.a_5, INDEX($X:$X, ROW()), _xlpm.a_6, INDEX($Y:$Y, ROW()), _xlpm.b_1, IF(ISNUMBER(SEARCH("Schott 3/4", _xlpm.EqName)), IFERROR(_xlfn.TEXTAFTER(INDEX($AE:$AE, ROW()), "="), 0), 0), _xlpm.Sellmeier, _xlfn.LAMBDA(_xlpm.λ, _xlpm.a_1*_xlpm.λ^2/(_xlpm.λ^2-_xlpm.a_4) + _xlpm.a_2*_xlpm.λ^2/(_xlpm.λ^2-_xlpm.a_5) + _xlpm.a_3*_xlpm.λ^2/(_xlpm.λ^2-_xlpm.a_6)), _xlpm.Schott, _xlfn.LAMBDA(_xlpm.λ, _xlpm.a_1 + _xlpm.a_2*(_xlpm.λ^2) + _xlpm.b_1*(_xlpm.λ^4) + _xlpm.a_3*(_xlpm.λ^-2) + _xlpm.a_4*(_xlpm.λ^-4) + _xlpm.a_5*(_xlpm.λ^-6) + _xlpm.a_6*(_xlpm.λ^-8)), IF(ISNUMBER(SEARCH("Sellmeier", _xlpm.EqName)), IF(ISNUMBER(SEARCH("Mod", _xlpm.EqName)), SQRT((2*_xlpm.Sellmeier(_xlpm.λX)+1)/(1-_xlpm.Sellmeier(_xlpm.λX))), SQRT(1+_xlpm.Sellmeier(_xlpm.λX)) ), IF(ISNUMBER(SEARCH("Schott", _xlpm.EqName)), SQRT(_xlpm.Schott(_xlpm.λX)), NA() ) ) )} -> 1.6301036 | M34: =K34-H34 -> 0.0097577516 | N34: =I34-H34 -> 0.0029638224 | O34: =L34-K34 -> 0.0053097395 | P34: =(I34-H34)/M34 -> 0.3037403 | Q34: =(L34-K34)/M34 -> 0.54415604 | R34: 0.0051 | S34: Sellmeier 3 | T34: 1.0996655 | U34: 0.47812542 | V34: 1.1321407 | W34: 0.013271856 | X34: -0.00060164968 | Y34: 130.59547 | Z34: 3.67 | AA34: 585 | AC34: Not Specified | AD34: Recommended
A35: 33 | B35: Ohara | C35: NaPO | D35: S-PHM52Q | E35: =I35 -> 1.6179994 | F35: =(I35-1)/M35 -> 63.322197 | G35: {=_xlfn.LET( _xlpm.λe, Addendum!$A$47/1000, _xlpm.λF, Addendum!$A$63/1000, _xlpm.λC, Addendum!$A$38/1000, _xlpm.EqName, INDEX($S:$S, ROW()), _xlpm.a_1, INDEX($T:$T, ROW()), _xlpm.a_2, INDEX($U:$U, ROW()), _xlpm.a_3, INDEX($V:$V, ROW()), _xlpm.a_4, INDEX($W:$W, ROW()), _xlpm.a_5, INDEX($X:$X, ROW()), _xlpm.a_6, INDEX($Y:$Y, ROW()), _xlpm.b_1, IF(ISNUMBER(SEARCH("Schott 3/4", _xlpm.EqName)), IFERROR(_xlfn.TEXTAFTER(INDEX($AE:$AE, ROW()), "="), 0), 0), _xlpm.Sellmeier, _xlfn.LAMBDA(_xlpm.λ, _xlpm.a_1*_xlpm.λ^2/(_xlpm.λ^2-_xlpm.a_4) + _xlpm.a_2*_xlpm.λ^2/(_xlpm.λ^2-_xlpm.a_5) + _xlpm.a_3*_xlpm.λ^2/(_xlpm.λ^2-_xlpm.a_6)), _xlpm.Schott, _xlfn.LAMBDA(_xlpm.λ, _xlpm.a_1 + _xlpm.a_2*(_xlpm.λ^2) + _xlpm.b_1*(_xlpm.λ^4) + _xlpm.a_3*(_xlpm.λ^-2) + _xlpm.a_4*(_xlpm.λ^-4) + _xlpm.a_5*(_xlpm.λ^-6) + _xlpm.a_6*(_xlpm.λ^-8)), _xlpm.RefrIndex, _xlfn.LAMBDA(_xlpm.λ, IF(ISNUMBER(SEARCH("Sellmeier", _xlpm.EqName)), IF(ISNUMBER(SEARCH("Mod", _xlpm.EqName)), SQRT((2*_xlpm.Sellmeier(_xlpm.λ)+1)/(1-_xlpm.Sellmeier(_xlpm.λ))), SQRT(1+_xlpm.Sellmeier(_xlpm.λ)) ), IF(ISNUMBER(SEARCH("Schott", _xlpm.EqName)), SQRT(_xlpm.Schott(_xlpm.λ)), NA() ) ) ), _xlpm.ne, _xlpm.RefrIndex(_xlpm.λe), _xlpm.nF, _xlpm.RefrIndex(_xlpm.λF), _xlpm.nC, _xlpm.RefrIndex(_xlpm.λC), (_xlpm.ne - 1)/(_xlpm.nF - _xlpm.nC) )} -> 63.02901 | H35: {=_xlfn.LET( _xlpm.λX, _xlfn.SWITCH(INDEX($2:$2, COLUMN()), "nC", Addendum!$A$37/1000, "nd", Addendum!$A$46/1000, "ne", Addendum!$A$47/1000, "nF", Addendum!$A$62/1000, "ng", Addendum!$A$69/1000, ), _xlpm.EqName, INDEX($S:$S, ROW()), _xlpm.a_1, INDEX($T:$T, ROW()), _xlpm.a_2, INDEX($U:$U, ROW()), _xlpm.a_3, INDEX($V:$V, ROW()), _xlpm.a_4, INDEX($W:$W, ROW()), _xlpm.a_5, INDEX($X:$X, ROW()), _xlpm.a_6, INDEX($Y:$Y, ROW()), _xlpm.b_1, IF(ISNUMBER(SEARCH("Schott 3/4", _xlpm.EqName)), IFERROR(_xlfn.TEXTAFTER(INDEX($AE:$AE, ROW()), "="), 0), 0), _xlpm.Sellmeier, _xlfn.LAMBDA(_xlpm.λ, _xlpm.a_1*_xlpm.λ^2/(_xlpm.λ^2-_xlpm.a_4) + _xlpm.a_2*_xlpm.λ^2/(_xlpm.λ^2-_xlpm.a_5) + _xlpm.a_3*_xlpm.λ^2/(_xlpm.λ^2-_xlpm.a_6)), _xlpm.Schott, _xlfn.LAMBDA(_xlpm.λ, _xlpm.a_1 + _xlpm.a_2*(_xlpm.λ^2) + _xlpm.b_1*(_xlpm.λ^4) + _xlpm.a_3*(_xlpm.λ^-2) + _xlpm.a_4*(_xlpm.λ^-4) + _xlpm.a_5*(_xlpm.λ^-6) + _xlpm.a_6*(_xlpm.λ^-8)), IF(ISNUMBER(SEARCH("Sellmeier", _xlpm.EqName)), IF(ISNUMBER(SEARCH("Mod", _xlpm.EqName)), SQRT((2*_xlpm.Sellmeier(_xlpm.λX)+1)/(1-_xlpm.Sellmeier(_xlpm.λX))), SQRT(1+_xlpm.Sellmeier(_xlpm.λX)) ), IF(ISNUMBER(SEARCH("Schott", _xlpm.EqName)), SQRT(_xlpm.Schott(_xlpm.λX)), NA() ) ) )} -> 1.6150285 | I35: {=_xlfn.LET( _xlpm.λX, _xlfn.SWITCH(INDEX($2:$2, COLUMN()), "nC", Addendum!$A$37/1000, "nd", Addendum!$A$46/1000, "ne", Addendum!$A$47/1000, "nF", Addendum!$A$62/1000, "ng", Addendum!$A$69/1000, ), _xlpm.EqName, INDEX($S:$S, ROW()), _xlpm.a_1, INDEX($T:$T, ROW()), _xlpm.a_2, INDEX($U:$U, ROW()), _xlpm.a_3, INDEX($V:$V, ROW()), _xlpm.a_4, INDEX($W:$W, ROW()), _xlpm.a_5, INDEX($X:$X, ROW()), _xlpm.a_6, INDEX($Y:$Y, ROW()), _xlpm.b_1, IF(ISNUMBER(SEARCH("Schott 3/4", _xlpm.EqName)), IFERROR(_xlfn.TEXTAFTER(INDEX($AE:$AE, ROW()), "="), 0), 0), _xlpm.Sellmeier, _xlfn.LAMBDA(_xlpm.λ, _xlpm.a_1*_xlpm.λ^2/(_xlpm.λ^2-_xlpm.a_4) + _xlpm.a_2*_xlpm.λ^2/(_xlpm.λ^2-_xlpm.a_5) + _xlpm.a_3*_xlpm.λ^2/(_xlpm.λ^2-_xlpm.a_6)), _xlpm.Schott, _xlfn.LAMBDA(_xlpm.λ, _xlpm.a_1 + _xlpm.a_2*(_xlpm.λ^2) + _xlpm.b_1*(_xlpm.λ^4) + _xlpm.a_3*(_xlpm.λ^-2) + _xlpm.a_4*(_xlpm.λ^-4) + _xlpm.a_5*(_xlpm.λ^-6) + _xlpm.a_6*(_xlpm.λ^-8)), IF(ISNUMBER(SEARCH("Sellmeier", _xlpm.EqName)), IF(ISNUMBER(SEARCH("Mod", _xlpm.EqName)), SQRT((2*_xlpm.Sellmeier(_xlpm.λX)+1)/(1-_xlpm.Sellmeier(_xlpm.λX))), SQRT(1+_xlpm.Sellmeier(_xlpm.λX)) ), IF(ISNUMBER(SEARCH("Schott", _xlpm.EqName)), SQRT(_xlpm.Schott(_xlpm.λX)), NA() ) ) )} -> 1.6179994 | J35: {=_xlfn.LET( _xlpm.λX, _xlfn.SWITCH(INDEX($2:$2, COLUMN()), "nC", Addendum!$A$37/1000, "nd", Addendum!$A$46/1000, "ne", Addendum!$A$47/1000, "nF", Addendum!$A$62/1000, "ng", Addendum!$A$69/1000, ), _xlpm.EqName, INDEX($S:$S, ROW()), _xlpm.a_1, INDEX($T:$T, ROW()), _xlpm.a_2, INDEX($U:$U, ROW()), _xlpm.a_3, INDEX($V:$V, ROW()), _xlpm.a_4, INDEX($W:$W, ROW()), _xlpm.a_5, INDEX($X:$X, ROW()), _xlpm.a_6, INDEX($Y:$Y, ROW()), _xlpm.b_1, IF(ISNUMBER(SEARCH("Schott 3/4", _xlpm.EqName)), IFERROR(_xlfn.TEXTAFTER(INDEX($AE:$AE, ROW()), "="), 0), 0), _xlpm.Sellmeier, _xlfn.LAMBDA(_xlpm.λ, _xlpm.a_1*_xlpm.λ^2/(_xlpm.λ^2-_xlpm.a_4) + _xlpm.a_2*_xlpm.λ^2/(_xlpm.λ^2-_xlpm.a_5) + _xlpm.a_3*_xlpm.λ^2/(_xlpm.λ^2-_xlpm.a_6)), _xlpm.Schott, _xlfn.LAMBDA(_xlpm.λ, _xlpm.a_1 + _xlpm.a_2*(_xlpm.λ^2) + _xlpm.b_1*(_xlpm.λ^4) + _xlpm.a_3*(_xlpm.λ^-2) + _xlpm.a_4*(_xlpm.λ^-4) + _xlpm.a_5*(_xlpm.λ^-6) + _xlpm.a_6*(_xlpm.λ^-8)), IF(ISNUMBER(SEARCH("Sellmeier", _xlpm.EqName)), IF(ISNUMBER(SEARCH("Mod", _xlpm.EqName)), SQRT((2*_xlpm.Sellmeier(_xlpm.λX)+1)/(1-_xlpm.Sellmeier(_xlpm.λX))), SQRT(1+_xlpm.Sellmeier(_xlpm.λX)) ), IF(ISNUMBER(SEARCH("Schott", _xlpm.EqName)), SQRT(_xlpm.Schott(_xlpm.λX)), NA() ) ) )} -> 1.6203273 | K35: {=_xlfn.LET( _xlpm.λX, _xlfn.SWITCH(INDEX($2:$2, COLUMN()), "nC", Addendum!$A$37/1000, "nd", Addendum!$A$46/1000, "ne", Addendum!$A$47/1000, "nF", Addendum!$A$62/1000, "ng", Addendum!$A$69/1000, ), _xlpm.EqName, INDEX($S:$S, ROW()), _xlpm.a_1, INDEX($T:$T, ROW()), _xlpm.a_2, INDEX($U:$U, ROW()), _xlpm.a_3, INDEX($V:$V, ROW()), _xlpm.a_4, INDEX($W:$W, ROW()), _xlpm.a_5, INDEX($X:$X, ROW()), _xlpm.a_6, INDEX($Y:$Y, ROW()), _xlpm.b_1, IF(ISNUMBER(SEARCH("Schott 3/4", _xlpm.EqName)), IFERROR(_xlfn.TEXTAFTER(INDEX($AE:$AE, ROW()), "="), 0), 0), _xlpm.Sellmeier, _xlfn.LAMBDA(_xlpm.λ, _xlpm.a_1*_xlpm.λ^2/(_xlpm.λ^2-_xlpm.a_4) + _xlpm.a_2*_xlpm.λ^2/(_xlpm.λ^2-_xlpm.a_5) + _xlpm.a_3*_xlpm.λ^2/(_xlpm.λ^2-_xlpm.a_6)), _xlpm.Schott, _xlfn.LAMBDA(_xlpm.λ, _xlpm.a_1 + _xlpm.a_2*(_xlpm.λ^2) + _xlpm.b_1*(_xlpm.λ^4) + _xlpm.a_3*(_xlpm.λ^-2) + _xlpm.a_4*(_xlpm.λ^-4) + _xlpm.a_5*(_xlpm.λ^-6) + _xlpm.a_6*(_xlpm.λ^-8)), IF(ISNUMBER(SEARCH("Sellmeier", _xlpm.EqName)), IF(ISNUMBER(SEARCH("Mod", _xlpm.EqName)), SQRT((2*_xlpm.Sellmeier(_xlpm.λX)+1)/(1-_xlpm.Sellmeier(_xlpm.λX))), SQRT(1+_xlpm.Sellmeier(_xlpm.λX)) ), IF(ISNUMBER(SEARCH("Schott", _xlpm.EqName)), SQRT(_xlpm.Schott(_xlpm.λX)), NA() ) ) )} -> 1.6247882 | L35: {=_xlfn.LET( _xlpm.λX, _xlfn.SWITCH(INDEX($2:$2, COLUMN()), "nC", Addendum!$A$37/1000, "nd", Addendum!$A$46/1000, "ne", Addendum!$A$47/1000, "nF", Addendum!$A$62/1000, "ng", Addendum!$A$69/1000, ), _xlpm.EqName, INDEX($S:$S, ROW()), _xlpm.a_1, INDEX($T:$T, ROW()), _xlpm.a_2, INDEX($U:$U, ROW()), _xlpm.a_3, INDEX($V:$V, ROW()), _xlpm.a_4, INDEX($W:$W, ROW()), _xlpm.a_5, INDEX($X:$X, ROW()), _xlpm.a_6, INDEX($Y:$Y, ROW()), _xlpm.b_1, IF(ISNUMBER(SEARCH("Schott 3/4", _xlpm.EqName)), IFERROR(_xlfn.TEXTAFTER(INDEX($AE:$AE, ROW()), "="), 0), 0), _xlpm.Sellmeier, _xlfn.LAMBDA(_xlpm.λ, _xlpm.a_1*_xlpm.λ^2/(_xlpm.λ^2-_xlpm.a_4) + _xlpm.a_2*_xlpm.λ^2/(_xlpm.λ^2-_xlpm.a_5) + _xlpm.a_3*_xlpm.λ^2/(_xlpm.λ^2-_xlpm.a_6)), _xlpm.Schott, _xlfn.LAMBDA(_xlpm.λ, _xlpm.a_1 + _xlpm.a_2*(_xlpm.λ^2) + _xlpm.b_1*(_xlpm.λ^4) + _xlpm.a_3*(_xlpm.λ^-2) + _xlpm.a_4*(_xlpm.λ^-4) + _xlpm.a_5*(_xlpm.λ^-6) + _xlpm.a_6*(_xlpm.λ^-8)), IF(ISNUMBER(SEARCH("Sellmeier", _xlpm.EqName)), IF(ISNUMBER(SEARCH("Mod", _xlpm.EqName)), SQRT((2*_xlpm.Sellmeier(_xlpm.λX)+1)/(1-_xlpm.Sellmeier(_xlpm.λX))), SQRT(1+_xlpm.Sellmeier(_xlpm.λX)) ), IF(ISNUMBER(SEARCH("Schott", _xlpm.EqName)), SQRT(_xlpm.Schott(_xlpm.λX)), NA() ) ) )} -> 1.6300849 | M35: =K35-H35 -> 0.0097596021 | N35: =I35-H35 -> 0.0029708931 | O35: =L35-K35 -> 0.0052967571 | P35: =(I35-H35)/M35 -> 0.3044072 | Q35: =(L35-K35)/M35 -> 0.54272265 | R35: 0.0036 | S35: Sellmeier 3 | T35: 1.2696875 | U35: 0.30841814 | V35: 1.0407898 | W35: 0.0062162295 | X35: 0.020778526 | Y35: 112.05125 | Z35: 3.51 | AA35: 580 | AB35: 650 | AC35: Not Specified | AD35: Recommended | AE35: Environmental resistance improved type.
A36: 34 | B36: Ohara | C36: NaPO | D36: S-PHM53 | E36: =I36 -> 1.6030009 | F36: =(I36-1)/M36 -> 65.444418 | G36: {=_xlfn.LET( _xlpm.λe, Addendum!$A$47/1000, _xlpm.λF, Addendum!$A$63/1000, _xlpm.λC, Addendum!$A$38/1000, _xlpm.EqName, INDEX($S:$S, ROW()), _xlpm.a_1, INDEX($T:$T, ROW()), _xlpm.a_2, INDEX($U:$U, ROW()), _xlpm.a_3, INDEX($V:$V, ROW()), _xlpm.a_4, INDEX($W:$W, ROW()), _xlpm.a_5, INDEX($X:$X, ROW()), _xlpm.a_6, INDEX($Y:$Y, ROW()), _xlpm.b_1, IF(ISNUMBER(SEARCH("Schott 3/4", _xlpm.EqName)), IFERROR(_xlfn.TEXTAFTER(INDEX($AE:$AE, ROW()), "="), 0), 0), _xlpm.Sellmeier, _xlfn.LAMBDA(_xlpm.λ, _xlpm.a_1*_xlpm.λ^2/(_xlpm.λ^2-_xlpm.a_4) + _xlpm.a_2*_xlpm.λ^2/(_xlpm.λ^2-_xlpm.a_5) + _xlpm.a_3*_xlpm.λ^2/(_xlpm.λ^2-_xlpm.a_6)), _xlpm.Schott, _xlfn.LAMBDA(_xlpm.λ, _xlpm.a_1 + _xlpm.a_2*(_xlpm.λ^2) + _xlpm.b_1*(_xlpm.λ^4) + _xlpm.a_3*(_xlpm.λ^-2) + _xlpm.a_4*(_xlpm.λ^-4) + _xlpm.a_5*(_xlpm.λ^-6) + _xlpm.a_6*(_xlpm.λ^-8)), _xlpm.RefrIndex, _xlfn.LAMBDA(_xlpm.λ, IF(ISNUMBER(SEARCH("Sellmeier", _xlpm.EqName)), IF(ISNUMBER(SEARCH("Mod", _xlpm.EqName)), SQRT((2*_xlpm.Sellmeier(_xlpm.λ)+1)/(1-_xlpm.Sellmeier(_xlpm.λ))), SQRT(1+_xlpm.Sellmeier(_xlpm.λ)) ), IF(ISNUMBER(SEARCH("Schott", _xlpm.EqName)), SQRT(_xlpm.Schott(_xlpm.λ)), NA() ) ) ), _xlpm.ne, _xlpm.RefrIndex(_xlpm.λe), _xlpm.nF, _xlpm.RefrIndex(_xlpm.λF), _xlpm.nC, _xlpm.RefrIndex(_xlpm.λC), (_xlpm.ne - 1)/(_xlpm.nF - _xlpm.nC) )} -> 65.156807 | H36: {=_xlfn.LET( _xlpm.λX, _xlfn.SWITCH(INDEX($2:$2, COLUMN()), "nC", Addendum!$A$37/1000, "nd", Addendum!$A$46/1000, "ne", Addendum!$A$47/1000, "nF", Addendum!$A$62/1000, "ng", Addendum!$A$69/1000, ), _xlpm.EqName, INDEX($S:$S, ROW()), _xlpm.a_1, INDEX($T:$T, ROW()), _xlpm.a_2, INDEX($U:$U, ROW()), _xlpm.a_3, INDEX($V:$V, ROW()), _xlpm.a_4, INDEX($W:$W, ROW()), _xlpm.a_5, INDEX($X:$X, ROW()), _xlpm.a_6, INDEX($Y:$Y, ROW()), _xlpm.b_1, IF(ISNUMBER(SEARCH("Schott 3/4", _xlpm.EqName)), IFERROR(_xlfn.TEXTAFTER(INDEX($AE:$AE, ROW()), "="), 0), 0), _xlpm.Sellmeier, _xlfn.LAMBDA(_xlpm.λ, _xlpm.a_1*_xlpm.λ^2/(_xlpm.λ^2-_xlpm.a_4) + _xlpm.a_2*_xlpm.λ^2/(_xlpm.λ^2-_xlpm.a_5) + _xlpm.a_3*_xlpm.λ^2/(_xlpm.λ^2-_xlpm.a_6)), _xlpm.Schott, _xlfn.LAMBDA(_xlpm.λ, _xlpm.a_1 + _xlpm.a_2*(_xlpm.λ^2) + _xlpm.b_1*(_xlpm.λ^4) + _xlpm.a_3*(_xlpm.λ^-2) + _xlpm.a_4*(_xlpm.λ^-4) + _xlpm.a_5*(_xlpm.λ^-6) + _xlpm.a_6*(_xlpm.λ^-8)), IF(ISNUMBER(SEARCH("Sellmeier", _xlpm.EqName)), IF(ISNUMBER(SEARCH("Mod", _xlpm.EqName)), SQRT((2*_xlpm.Sellmeier(_xlpm.λX)+1)/(1-_xlpm.Sellmeier(_xlpm.λX))), SQRT(1+_xlpm.Sellmeier(_xlpm.λX)) ), IF(ISNUMBER(SEARCH("Schott", _xlpm.EqName)), SQRT(_xlpm.Schott(_xlpm.λX)), NA() ) ) )} -> 1.6001893 | I36: {=_xlfn.LET( _xlpm.λX, _xlfn.SWITCH(INDEX($2:$2, COLUMN()), "nC", Addendum!$A$37/1000, "nd", Addendum!$A$46/1000, "ne", Addendum!$A$47/1000, "nF", Addendum!$A$62/1000, "ng", Addendum!$A$69/1000, ), _xlpm.EqName, INDEX($S:$S, ROW()), _xlpm.a_1, INDEX($T:$T, ROW()), _xlpm.a_2, INDEX($U:$U, ROW()), _xlpm.a_3, INDEX($V:$V, ROW()), _xlpm.a_4, INDEX($W:$W, ROW()), _xlpm.a_5, INDEX($X:$X, ROW()), _xlpm.a_6, INDEX($Y:$Y, ROW()), _xlpm.b_1, IF(ISNUMBER(SEARCH("Schott 3/4", _xlpm.EqName)), IFERROR(_xlfn.TEXTAFTER(INDEX($AE:$AE, ROW()), "="), 0), 0), _xlpm.Sellmeier, _xlfn.LAMBDA(_xlpm.λ, _xlpm.a_1*_xlpm.λ^2/(_xlpm.λ^2-_xlpm.a_4) + _xlpm.a_2*_xlpm.λ^2/(_xlpm.λ^2-_xlpm.a_5) + _xlpm.a_3*_xlpm.λ^2/(_xlpm.λ^2-_xlpm.a_6)), _xlpm.Schott, _xlfn.LAMBDA(_xlpm.λ, _xlpm.a_1 + _xlpm.a_2*(_xlpm.λ^2) + _xlpm.b_1*(_xlpm.λ^4) + _xlpm.a_3*(_xlpm.λ^-2) + _xlpm.a_4*(_xlpm.λ^-4) + _xlpm.a_5*(_xlpm.λ^-6) + _xlpm.a_6*(_xlpm.λ^-8)), IF(ISNUMBER(SEARCH("Sellmeier", _xlpm.EqName)), IF(ISNUMBER(SEARCH("Mod", _xlpm.EqName)), SQRT((2*_xlpm.Sellmeier(_xlpm.λX)+1)/(1-_xlpm.Sellmeier(_xlpm.λX))), SQRT(1+_xlpm.Sellmeier(_xlpm.λX)) ), IF(ISNUMBER(SEARCH("Schott", _xlpm.EqName)), SQRT(_xlpm.Schott(_xlpm.λX)), NA() ) ) )} -> 1.6030009 | J36: {=_xlfn.LET( _xlpm.λX, _xlfn.SWITCH(INDEX($2:$2, COLUMN()), "nC", Addendum!$A$37/1000, "nd", Addendum!$A$46/1000, "ne", Addendum!$A$47/1000, "nF", Addendum!$A$62/1000, "ng", Addendum!$A$69/1000, ), _xlpm.EqName, INDEX($S:$S, ROW()), _xlpm.a_1, INDEX($T:$T, ROW()), _xlpm.a_2, INDEX($U:$U, ROW()), _xlpm.a_3, INDEX($V:$V, ROW()), _xlpm.a_4, INDEX($W:$W, ROW()), _xlpm.a_5, INDEX($X:$X, ROW()), _xlpm.a_6, INDEX($Y:$Y, ROW()), _xlpm.b_1, IF(ISNUMBER(SEARCH("Schott 3/4", _xlpm.EqName)), IFERROR(_xlfn.TEXTAFTER(INDEX($AE:$AE, ROW()), "="), 0), 0), _xlpm.Sellmeier, _xlfn.LAMBDA(_xlpm.λ, _xlpm.a_1*_xlpm.λ^2/(_xlpm.λ^2-_xlpm.a_4) + _xlpm.a_2*_xlpm.λ^2/(_xlpm.λ^2-_xlpm.a_5) + _xlpm.a_3*_xlpm.λ^2/(_xlpm.λ^2-_xlpm.a_6)), _xlpm.Schott, _xlfn.LAMBDA(_xlpm.λ, _xlpm.a_1 + _xlpm.a_2*(_xlpm.λ^2) + _xlpm.b_1*(_xlpm.λ^4) + _xlpm.a_3*(_xlpm.λ^-2) + _xlpm.a_4*(_xlpm.λ^-4) + _xlpm.a_5*(_xlpm.λ^-6) + _xlpm.a_6*(_xlpm.λ^-8)), IF(ISNUMBER(SEARCH("Sellmeier", _xlpm.EqName)), IF(ISNUMBER(SEARCH("Mod", _xlpm.EqName)), SQRT((2*_xlpm.Sellmeier(_xlpm.λX)+1)/(1-_xlpm.Sellmeier(_xlpm.λX))), SQRT(1+_xlpm.Sellmeier(_xlpm.λX)) ), IF(ISNUMBER(SEARCH("Schott", _xlpm.EqName)), SQRT(_xlpm.Schott(_xlpm.λX)), NA() ) ) )} -> 1.6051994 | K36: {=_xlfn.LET( _xlpm.λX, _xlfn.SWITCH(INDEX($2:$2, COLUMN()), "nC", Addendum!$A$37/1000, "nd", Addendum!$A$46/1000, "ne", Addendum!$A$47/1000, "nF", Addendum!$A$62/1000, "ng", Addendum!$A$69/1000, ), _xlpm.EqName, INDEX($S:$S, ROW()), _xlpm.a_1, INDEX($T:$T, ROW()), _xlpm.a_2, INDEX($U:$U, ROW()), _xlpm.a_3, INDEX($V:$V, ROW()), _xlpm.a_4, INDEX($W:$W, ROW()), _xlpm.a_5, INDEX($X:$X, ROW()), _xlpm.a_6, INDEX($Y:$Y, ROW()), _xlpm.b_1, IF(ISNUMBER(SEARCH("Schott 3/4", _xlpm.EqName)), IFERROR(_xlfn.TEXTAFTER(INDEX($AE:$AE, ROW()), "="), 0), 0), _xlpm.Sellmeier, _xlfn.LAMBDA(_xlpm.λ, _xlpm.a_1*_xlpm.λ^2/(_xlpm.λ^2-_xlpm.a_4) + _xlpm.a_2*_xlpm.λ^2/(_xlpm.λ^2-_xlpm.a_5) + _xlpm.a_3*_xlpm.λ^2/(_xlpm.λ^2-_xlpm.a_6)), _xlpm.Schott, _xlfn.LAMBDA(_xlpm.λ, _xlpm.a_1 + _xlpm.a_2*(_xlpm.λ^2) + _xlpm.b_1*(_xlpm.λ^4) + _xlpm.a_3*(_xlpm.λ^-2) + _xlpm.a_4*(_xlpm.λ^-4) + _xlpm.a_5*(_xlpm.λ^-6) + _xlpm.a_6*(_xlpm.λ^-8)), IF(ISNUMBER(SEARCH("Sellmeier", _xlpm.EqName)), IF(ISNUMBER(SEARCH("Mod", _xlpm.EqName)), SQRT((2*_xlpm.Sellmeier(_xlpm.λX)+1)/(1-_xlpm.Sellmeier(_xlpm.λX))), SQRT(1+_xlpm.Sellmeier(_xlpm.λX)) ), IF(ISNUMBER(SEARCH("Schott", _xlpm.EqName)), SQRT(_xlpm.Schott(_xlpm.λX)), NA() ) ) )} -> 1.6094032 | L36: {=_xlfn.LET( _xlpm.λX, _xlfn.SWITCH(INDEX($2:$2, COLUMN()), "nC", Addendum!$A$37/1000, "nd", Addendum!$A$46/1000, "ne", Addendum!$A$47/1000, "nF", Addendum!$A$62/1000, "ng", Addendum!$A$69/1000, ), _xlpm.EqName, INDEX($S:$S, ROW()), _xlpm.a_1, INDEX($T:$T, ROW()), _xlpm.a_2, INDEX($U:$U, ROW()), _xlpm.a_3, INDEX($V:$V, ROW()), _xlpm.a_4, INDEX($W:$W, ROW()), _xlpm.a_5, INDEX($X:$X, ROW()), _xlpm.a_6, INDEX($Y:$Y, ROW()), _xlpm.b_1, IF(ISNUMBER(SEARCH("Schott 3/4", _xlpm.EqName)), IFERROR(_xlfn.TEXTAFTER(INDEX($AE:$AE, ROW()), "="), 0), 0), _xlpm.Sellmeier, _xlfn.LAMBDA(_xlpm.λ, _xlpm.a_1*_xlpm.λ^2/(_xlpm.λ^2-_xlpm.a_4) + _xlpm.a_2*_xlpm.λ^2/(_xlpm.λ^2-_xlpm.a_5) + _xlpm.a_3*_xlpm.λ^2/(_xlpm.λ^2-_xlpm.a_6)), _xlpm.Schott, _xlfn.LAMBDA(_xlpm.λ, _xlpm.a_1 + _xlpm.a_2*(_xlpm.λ^2) + _xlpm.b_1*(_xlpm.λ^4) + _xlpm.a_3*(_xlpm.λ^-2) + _xlpm.a_4*(_xlpm.λ^-4) + _xlpm.a_5*(_xlpm.λ^-6) + _xlpm.a_6*(_xlpm.λ^-8)), IF(ISNUMBER(SEARCH("Sellmeier", _xlpm.EqName)), IF(ISNUMBER(SEARCH("Mod", _xlpm.EqName)), SQRT((2*_xlpm.Sellmeier(_xlpm.λX)+1)/(1-_xlpm.Sellmeier(_xlpm.λX))), SQRT(1+_xlpm.Sellmeier(_xlpm.λX)) ), IF(ISNUMBER(SEARCH("Schott", _xlpm.EqName)), SQRT(_xlpm.Schott(_xlpm.λX)), NA() ) ) )} -> 1.6143809 | M36: =K36-H36 -> 0.0092139396 | N36: =I36-H36 -> 0.0028116246 | O36: =L36-K36 -> 0.0049776498 | P36: =(I36-H36)/M36 -> 0.30514902 | Q36: =(L36-K36)/M36 -> 0.54023035 | R36: 0.0045 | S36: Sellmeier 3 | T36: 1.0977542 | U36: 0.43481643 | V36: 1.1389498 | W36: 0.01233694 | X36: -0.0003725229 | Y36: 124.27698 | Z36: 3.51 | AA36: 619 | AB36: 681 | AC36: Not Specified | AD36: Recommended
A37: 35 | B37: Ohara | C37: TiO | D37: S-TIL 1 | E37: =I37 -> 1.5481409 | F37: =(I37-1)/M37 -> 45.784834 | G37: {=_xlfn.LET( _xlpm.λe, Addendum!$A$47/1000, _xlpm.λF, Addendum!$A$63/1000, _xlpm.λC, Addendum!$A$38/1000, _xlpm.EqName, INDEX($S:$S, ROW()), _xlpm.a_1, INDEX($T:$T, ROW()), _xlpm.a_2, INDEX($U:$U, ROW()), _xlpm.a_3, INDEX($V:$V, ROW()), _xlpm.a_4, INDEX($W:$W, ROW()), _xlpm.a_5, INDEX($X:$X, ROW()), _xlpm.a_6, INDEX($Y:$Y, ROW()), _xlpm.b_1, IF(ISNUMBER(SEARCH("Schott 3/4", _xlpm.EqName)), IFERROR(_xlfn.TEXTAFTER(INDEX($AE:$AE, ROW()), "="), 0), 0), _xlpm.Sellmeier, _xlfn.LAMBDA(_xlpm.λ, _xlpm.a_1*_xlpm.λ^2/(_xlpm.λ^2-_xlpm.a_4) + _xlpm.a_2*_xlpm.λ^2/(_xlpm.λ^2-_xlpm.a_5) + _xlpm.a_3*_xlpm.λ^2/(_xlpm.λ^2-_xlpm.a_6)), _xlpm.Schott, _xlfn.LAMBDA(_xlpm.λ, _xlpm.a_1 + _xlpm.a_2*(_xlpm.λ^2) + _xlpm.b_1*(_xlpm.λ^4) + _xlpm.a_3*(_xlpm.λ^-2) + _xlpm.a_4*(_xlpm.λ^-4) + _xlpm.a_5*(_xlpm.λ^-6) + _xlpm.a_6*(_xlpm.λ^-8)), _xlpm.RefrIndex, _xlfn.LAMBDA(_xlpm.λ, IF(ISNUMBER(SEARCH("Sellmeier", _xlpm.EqName)), IF(ISNUMBER(SEARCH("Mod", _xlpm.EqName)), SQRT((2*_xlpm.Sellmeier(_xlpm.λ)+1)/(1-_xlpm.Sellmeier(_xlpm.λ))), SQRT(1+_xlpm.Sellmeier(_xlpm.λ)) ), IF(ISNUMBER(SEARCH("Schott", _xlpm.EqName)), SQRT(_xlpm.Schott(_xlpm.λ)), NA() ) ) ), _xlpm.ne, _xlpm.RefrIndex(_xlpm.λe), _xlpm.nF, _xlpm.RefrIndex(_xlpm.λF), _xlpm.nC, _xlpm.RefrIndex(_xlpm.λC), (_xlpm.ne - 1)/(_xlpm.nF - _xlpm.nC) )} -> 45.493396 | H37: {=_xlfn.LET( _xlpm.λX, _xlfn.SWITCH(INDEX($2:$2, COLUMN()), "nC", Addendum!$A$37/1000, "nd", Addendum!$A$46/1000, "ne", Addendum!$A$47/1000, "nF", Addendum!$A$62/1000, "ng", Addendum!$A$69/1000, ), _xlpm.EqName, INDEX($S:$S, ROW()), _xlpm.a_1, INDEX($T:$T, ROW()), _xlpm.a_2, INDEX($U:$U, ROW()), _xlpm.a_3, INDEX($V:$V, ROW()), _xlpm.a_4, INDEX($W:$W, ROW()), _xlpm.a_5, INDEX($X:$X, ROW()), _xlpm.a_6, INDEX($Y:$Y, ROW()), _xlpm.b_1, IF(ISNUMBER(SEARCH("Schott 3/4", _xlpm.EqName)), IFERROR(_xlfn.TEXTAFTER(INDEX($AE:$AE, ROW()), "="), 0), 0), _xlpm.Sellmeier, _xlfn.LAMBDA(_xlpm.λ, _xlpm.a_1*_xlpm.λ^2/(_xlpm.λ^2-_xlpm.a_4) + _xlpm.a_2*_xlpm.λ^2/(_xlpm.λ^2-_xlpm.a_5) + _xlpm.a_3*_xlpm.λ^2/(_xlpm.λ^2-_xlpm.a_6)), _xlpm.Schott, _xlfn.LAMBDA(_xlpm.λ, _xlpm.a_1 + _xlpm.a_2*(_xlpm.λ^2) + _xlpm.b_1*(_xlpm.λ^4) + _xlpm.a_3*(_xlpm.λ^-2) + _xlpm.a_4*(_xlpm.λ^-4) + _xlpm.a_5*(_xlpm.λ^-6) + _xlpm.a_6*(_xlpm.λ^-8)), IF(ISNUMBER(SEARCH("Sellmeier", _xlpm.EqName)), IF(ISNUMBER(SEARCH("Mod", _xlpm.EqName)), SQRT((2*_xlpm.Sellmeier(_xlpm.λX)+1)/(1-_xlpm.Sellmeier(_xlpm.λX))), SQRT(1+_xlpm.Sellmeier(_xlpm.λX)) ), IF(ISNUMBER(SEARCH("Schott", _xlpm.EqName)), SQRT(_xlpm.Schott(_xlpm.λX)), NA() ) ) )} -> 1.5445717 | I37: {=_xlfn.LET( _xlpm.λX, _xlfn.SWITCH(INDEX($2:$2, COLUMN()), "nC", Addendum!$A$37/1000, "nd", Addendum!$A$46/1000, "ne", Addendum!$A$47/1000, "nF", Addendum!$A$62/1000, "ng", Addendum!$A$69/1000, ), _xlpm.EqName, INDEX($S:$S, ROW()), _xlpm.a_1, INDEX($T:$T, ROW()), _xlpm.a_2, INDEX($U:$U, ROW()), _xlpm.a_3, INDEX($V:$V, ROW()), _xlpm.a_4, INDEX($W:$W, ROW()), _xlpm.a_5, INDEX($X:$X, ROW()), _xlpm.a_6, INDEX($Y:$Y, ROW()), _xlpm.b_1, IF(ISNUMBER(SEARCH("Schott 3/4", _xlpm.EqName)), IFERROR(_xlfn.TEXTAFTER(INDEX($AE:$AE, ROW()), "="), 0), 0), _xlpm.Sellmeier, _xlfn.LAMBDA(_xlpm.λ, _xlpm.a_1*_xlpm.λ^2/(_xlpm.λ^2-_xlpm.a_4) + _xlpm.a_2*_xlpm.λ^2/(_xlpm.λ^2-_xlpm.a_5) + _xlpm.a_3*_xlpm.λ^2/(_xlpm.λ^2-_xlpm.a_6)), _xlpm.Schott, _xlfn.LAMBDA(_xlpm.λ, _xlpm.a_1 + _xlpm.a_2*(_xlpm.λ^2) + _xlpm.b_1*(_xlpm.λ^4) + _xlpm.a_3*(_xlpm.λ^-2) + _xlpm.a_4*(_xlpm.λ^-4) + _xlpm.a_5*(_xlpm.λ^-6) + _xlpm.a_6*(_xlpm.λ^-8)), IF(ISNUMBER(SEARCH("Sellmeier", _xlpm.EqName)), IF(ISNUMBER(SEARCH("Mod", _xlpm.EqName)), SQRT((2*_xlpm.Sellmeier(_xlpm.λX)+1)/(1-_xlpm.Sellmeier(_xlpm.λX))), SQRT(1+_xlpm.Sellmeier(_xlpm.λX)) ), IF(ISNUMBER(SEARCH("Schott", _xlpm.EqName)), SQRT(_xlpm.Schott(_xlpm.λX)), NA() ) ) )} -> 1.5481409 | J37: {=_xlfn.LET( _xlpm.λX, _xlfn.SWITCH(INDEX($2:$2, COLUMN()), "nC", Addendum!$A$37/1000, "nd", Addendum!$A$46/1000, "ne", Addendum!$A$47/1000, "nF", Addendum!$A$62/1000, "ng", Addendum!$A$69/1000, ), _xlpm.EqName, INDEX($S:$S, ROW()), _xlpm.a_1, INDEX($T:$T, ROW()), _xlpm.a_2, INDEX($U:$U, ROW()), _xlpm.a_3, INDEX($V:$V, ROW()), _xlpm.a_4, INDEX($W:$W, ROW()), _xlpm.a_5, INDEX($X:$X, ROW()), _xlpm.a_6, INDEX($Y:$Y, ROW()), _xlpm.b_1, IF(ISNUMBER(SEARCH("Schott 3/4", _xlpm.EqName)), IFERROR(_xlfn.TEXTAFTER(INDEX($AE:$AE, ROW()), "="), 0), 0), _xlpm.Sellmeier, _xlfn.LAMBDA(_xlpm.λ, _xlpm.a_1*_xlpm.λ^2/(_xlpm.λ^2-_xlpm.a_4) + _xlpm.a_2*_xlpm.λ^2/(_xlpm.λ^2-_xlpm.a_5) + _xlpm.a_3*_xlpm.λ^2/(_xlpm.λ^2-_xlpm.a_6)), _xlpm.Schott, _xlfn.LAMBDA(_xlpm.λ, _xlpm.a_1 + _xlpm.a_2*(_xlpm.λ^2) + _xlpm.b_1*(_xlpm.λ^4) + _xlpm.a_3*(_xlpm.λ^-2) + _xlpm.a_4*(_xlpm.λ^-4) + _xlpm.a_5*(_xlpm.λ^-6) + _xlpm.a_6*(_xlpm.λ^-8)), IF(ISNUMBER(SEARCH("Sellmeier", _xlpm.EqName)), IF(ISNUMBER(SEARCH("Mod", _xlpm.EqName)), SQRT((2*_xlpm.Sellmeier(_xlpm.λX)+1)/(1-_xlpm.Sellmeier(_xlpm.λX))), SQRT(1+_xlpm.Sellmeier(_xlpm.λX)) ), IF(ISNUMBER(SEARCH("Schott", _xlpm.EqName)), SQRT(_xlpm.Schott(_xlpm.λX)), NA() ) ) )} -> 1.5509836 | K37: {=_xlfn.LET( _xlpm.λX, _xlfn.SWITCH(INDEX($2:$2, COLUMN()), "nC", Addendum!$A$37/1000, "nd", Addendum!$A$46/1000, "ne", Addendum!$A$47/1000, "nF", Addendum!$A$62/1000, "ng", Addendum!$A$69/1000, ), _xlpm.EqName, INDEX($S:$S, ROW()), _xlpm.a_1, INDEX($T:$T, ROW()), _xlpm.a_2, INDEX($U:$U, ROW()), _xlpm.a_3, INDEX($V:$V, ROW()), _xlpm.a_4, INDEX($W:$W, ROW()), _xlpm.a_5, INDEX($X:$X, ROW()), _xlpm.a_6, INDEX($Y:$Y, ROW()), _xlpm.b_1, IF(ISNUMBER(SEARCH("Schott 3/4", _xlpm.EqName)), IFERROR(_xlfn.TEXTAFTER(INDEX($AE:$AE, ROW()), "="), 0), 0), _xlpm.Sellmeier, _xlfn.LAMBDA(_xlpm.λ, _xlpm.a_1*_xlpm.λ^2/(_xlpm.λ^2-_xlpm.a_4) + _xlpm.a_2*_xlpm.λ^2/(_xlpm.λ^2-_xlpm.a_5) + _xlpm.a_3*_xlpm.λ^2/(_xlpm.λ^2-_xlpm.a_6)), _xlpm.Schott, _xlfn.LAMBDA(_xlpm.λ, _xlpm.a_1 + _xlpm.a_2*(_xlpm.λ^2) + _xlpm.b_1*(_xlpm.λ^4) + _xlpm.a_3*(_xlpm.λ^-2) + _xlpm.a_4*(_xlpm.λ^-4) + _xlpm.a_5*(_xlpm.λ^-6) + _xlpm.a_6*(_xlpm.λ^-8)), IF(ISNUMBER(SEARCH("Sellmeier", _xlpm.EqName)), IF(ISNUMBER(SEARCH("Mod", _xlpm.EqName)), SQRT((2*_xlpm.Sellmeier(_xlpm.λX)+1)/(1-_xlpm.Sellmeier(_xlpm.λX))), SQRT(1+_xlpm.Sellmeier(_xlpm.λX)) ), IF(ISNUMBER(SEARCH("Schott", _xlpm.EqName)), SQRT(_xlpm.Schott(_xlpm.λX)), NA() ) ) )} -> 1.5565438 | L37: {=_xlfn.LET( _xlpm.λX, _xlfn.SWITCH(INDEX($2:$2, COLUMN()), "nC", Addendum!$A$37/1000, "nd", Addendum!$A$46/1000, "ne", Addendum!$A$47/1000, "nF", Addendum!$A$62/1000, "ng", Addendum!$A$69/1000, ), _xlpm.EqName, INDEX($S:$S, ROW()), _xlpm.a_1, INDEX($T:$T, ROW()), _xlpm.a_2, INDEX($U:$U, ROW()), _xlpm.a_3, INDEX($V:$V, ROW()), _xlpm.a_4, INDEX($W:$W, ROW()), _xlpm.a_5, INDEX($X:$X, ROW()), _xlpm.a_6, INDEX($Y:$Y, ROW()), _xlpm.b_1, IF(ISNUMBER(SEARCH("Schott 3/4", _xlpm.EqName)), IFERROR(_xlfn.TEXTAFTER(INDEX($AE:$AE, ROW()), "="), 0), 0), _xlpm.Sellmeier, _xlfn.LAMBDA(_xlpm.λ, _xlpm.a_1*_xlpm.λ^2/(_xlpm.λ^2-_xlpm.a_4) + _xlpm.a_2*_xlpm.λ^2/(_xlpm.λ^2-_xlpm.a_5) + _xlpm.a_3*_xlpm.λ^2/(_xlpm.λ^2-_xlpm.a_6)), _xlpm.Schott, _xlfn.LAMBDA(_xlpm.λ, _xlpm.a_1 + _xlpm.a_2*(_xlpm.λ^2) + _xlpm.b_1*(_xlpm.λ^4) + _xlpm.a_3*(_xlpm.λ^-2) + _xlpm.a_4*(_xlpm.λ^-4) + _xlpm.a_5*(_xlpm.λ^-6) + _xlpm.a_6*(_xlpm.λ^-8)), IF(ISNUMBER(SEARCH("Sellmeier", _xlpm.EqName)), IF(ISNUMBER(SEARCH("Mod", _xlpm.EqName)), SQRT((2*_xlpm.Sellmeier(_xlpm.λX)+1)/(1-_xlpm.Sellmeier(_xlpm.λX))), SQRT(1+_xlpm.Sellmeier(_xlpm.λX)) ), IF(ISNUMBER(SEARCH("Schott", _xlpm.EqName)), SQRT(_xlpm.Schott(_xlpm.λX)), NA() ) ) )} -> 1.5633512 | M37: =K37-H37 -> 0.011972106 | N37: =I37-H37 -> 0.0035691766 | O37: =L37-K37 -> 0.0068074274 | P37: =(I37-H37)/M37 -> 0.29812437 | Q37: =(L37-K37)/M37 -> 0.56860734 | R37: 0.0012 | S37: Sellmeier 3 | T37: 1.2508894 | U37: 0.099797333 | V37: 1.205835 | W37: 0.0088392128 | X37: 0.048268505 | Y37: 137.41495 | Z37: 2.54 | AA37: 500 | AB37: 654 | AC37: Not Specified | AD37: Not Specified
A38: 36 | B38: Ohara | C38: TiO | D38: S-TIL 2 | E38: =I38 -> 1.5407199 | F38: =(I38-1)/M38 -> 47.227699 | G38: {=_xlfn.LET( _xlpm.λe, Addendum!$A$47/1000, _xlpm.λF, Addendum!$A$63/1000, _xlpm.λC, Addendum!$A$38/1000, _xlpm.EqName, INDEX($S:$S, ROW()), _xlpm.a_1, INDEX($T:$T, ROW()), _xlpm.a_2, INDEX($U:$U, ROW()), _xlpm.a_3, INDEX($V:$V, ROW()), _xlpm.a_4, INDEX($W:$W, ROW()), _xlpm.a_5, INDEX($X:$X, ROW()), _xlpm.a_6, INDEX($Y:$Y, ROW()), _xlpm.b_1, IF(ISNUMBER(SEARCH("Schott 3/4", _xlpm.EqName)), IFERROR(_xlfn.TEXTAFTER(INDEX($AE:$AE, ROW()), "="), 0), 0), _xlpm.Sellmeier, _xlfn.LAMBDA(_xlpm.λ, _xlpm.a_1*_xlpm.λ^2/(_xlpm.λ^2-_xlpm.a_4) + _xlpm.a_2*_xlpm.λ^2/(_xlpm.λ^2-_xlpm.a_5) + _xlpm.a_3*_xlpm.λ^2/(_xlpm.λ^2-_xlpm.a_6)), _xlpm.Schott, _xlfn.LAMBDA(_xlpm.λ, _xlpm.a_1 + _xlpm.a_2*(_xlpm.λ^2) + _xlpm.b_1*(_xlpm.λ^4) + _xlpm.a_3*(_xlpm.λ^-2) + _xlpm.a_4*(_xlpm.λ^-4) + _xlpm.a_5*(_xlpm.λ^-6) + _xlpm.a_6*(_xlpm.λ^-8)), _xlpm.RefrIndex, _xlfn.LAMBDA(_xlpm.λ, IF(ISNUMBER(SEARCH("Sellmeier", _xlpm.EqName)), IF(ISNUMBER(SEARCH("Mod", _xlpm.EqName)), SQRT((2*_xlpm.Sellmeier(_xlpm.λ)+1)/(1-_xlpm.Sellmeier(_xlpm.λ))), SQRT(1+_xlpm.Sellmeier(_xlpm.λ)) ), IF(ISNUMBER(SEARCH("Schott", _xlpm.EqName)), SQRT(_xlpm.Schott(_xlpm.λ)), NA() ) ) ), _xlpm.ne, _xlpm.RefrIndex(_xlpm.λe), _xlpm.nF, _xlpm.RefrIndex(_xlpm.λF), _xlpm.nC, _xlpm.RefrIndex(_xlpm.λC), (_xlpm.ne - 1)/(_xlpm.nF - _xlpm.nC) )} -> 46.940237 | H38: {=_xlfn.LET( _xlpm.λX, _xlfn.SWITCH(INDEX($2:$2, COLUMN()), "nC", Addendum!$A$37/1000, "nd", Addendum!$A$46/1000, "ne", Addendum!$A$47/1000, "nF", Addendum!$A$62/1000, "ng", Addendum!$A$69/1000, ), _xlpm.EqName, INDEX($S:$S, ROW()), _xlpm.a_1, INDEX($T:$T, ROW()), _xlpm.a_2, INDEX($U:$U, ROW()), _xlpm.a_3, INDEX($V:$V, ROW()), _xlpm.a_4, INDEX($W:$W, ROW()), _xlpm.a_5, INDEX($X:$X, ROW()), _xlpm.a_6, INDEX($Y:$Y, ROW()), _xlpm.b_1, IF(ISNUMBER(SEARCH("Schott 3/4", _xlpm.EqName)), IFERROR(_xlfn.TEXTAFTER(INDEX($AE:$AE, ROW()), "="), 0), 0), _xlpm.Sellmeier, _xlfn.LAMBDA(_xlpm.λ, _xlpm.a_1*_xlpm.λ^2/(_xlpm.λ^2-_xlpm.a_4) + _xlpm.a_2*_xlpm.λ^2/(_xlpm.λ^2-_xlpm.a_5) + _xlpm.a_3*_xlpm.λ^2/(_xlpm.λ^2-_xlpm.a_6)), _xlpm.Schott, _xlfn.LAMBDA(_xlpm.λ, _xlpm.a_1 + _xlpm.a_2*(_xlpm.λ^2) + _xlpm.b_1*(_xlpm.λ^4) + _xlpm.a_3*(_xlpm.λ^-2) + _xlpm.a_4*(_xlpm.λ^-4) + _xlpm.a_5*(_xlpm.λ^-6) + _xlpm.a_6*(_xlpm.λ^-8)), IF(ISNUMBER(SEARCH("Sellmeier", _xlpm.EqName)), IF(ISNUMBER(SEARCH("Mod", _xlpm.EqName)), SQRT((2*_xlpm.Sellmeier(_xlpm.λX)+1)/(1-_xlpm.Sellmeier(_xlpm.λX))), SQRT(1+_xlpm.Sellmeier(_xlpm.λX)) ), IF(ISNUMBER(SEARCH("Schott", _xlpm.EqName)), SQRT(_xlpm.Schott(_xlpm.λX)), NA() ) ) )} -> 1.5372966 | I38: {=_xlfn.LET( _xlpm.λX, _xlfn.SWITCH(INDEX($2:$2, COLUMN()), "nC", Addendum!$A$37/1000, "nd", Addendum!$A$46/1000, "ne", Addendum!$A$47/1000, "nF", Addendum!$A$62/1000, "ng", Addendum!$A$69/1000, ), _xlpm.EqName, INDEX($S:$S, ROW()), _xlpm.a_1, INDEX($T:$T, ROW()), _xlpm.a_2, INDEX($U:$U, ROW()), _xlpm.a_3, INDEX($V:$V, ROW()), _xlpm.a_4, INDEX($W:$W, ROW()), _xlpm.a_5, INDEX($X:$X, ROW()), _xlpm.a_6, INDEX($Y:$Y, ROW()), _xlpm.b_1, IF(ISNUMBER(SEARCH("Schott 3/4", _xlpm.EqName)), IFERROR(_xlfn.TEXTAFTER(INDEX($AE:$AE, ROW()), "="), 0), 0), _xlpm.Sellmeier, _xlfn.LAMBDA(_xlpm.λ, _xlpm.a_1*_xlpm.λ^2/(_xlpm.λ^2-_xlpm.a_4) + _xlpm.a_2*_xlpm.λ^2/(_xlpm.λ^2-_xlpm.a_5) + _xlpm.a_3*_xlpm.λ^2/(_xlpm.λ^2-_xlpm.a_6)), _xlpm.Schott, _xlfn.LAMBDA(_xlpm.λ, _xlpm.a_1 + _xlpm.a_2*(_xlpm.λ^2) + _xlpm.b_1*(_xlpm.λ^4) + _xlpm.a_3*(_xlpm.λ^-2) + _xlpm.a_4*(_xlpm.λ^-4) + _xlpm.a_5*(_xlpm.λ^-6) + _xlpm.a_6*(_xlpm.λ^-8)), IF(ISNUMBER(SEARCH("Sellmeier", _xlpm.EqName)), IF(ISNUMBER(SEARCH("Mod", _xlpm.EqName)), SQRT((2*_xlpm.Sellmeier(_xlpm.λX)+1)/(1-_xlpm.Sellmeier(_xlpm.λX))), SQRT(1+_xlpm.Sellmeier(_xlpm.λX)) ), IF(ISNUMBER(SEARCH("Schott", _xlpm.EqName)), SQRT(_xlpm.Schott(_xlpm.λX)), NA() ) ) )} -> 1.5407199 | J38: {=_xlfn.LET( _xlpm.λX, _xlfn.SWITCH(INDEX($2:$2, COLUMN()), "nC", Addendum!$A$37/1000, "nd", Addendum!$A$46/1000, "ne", Addendum!$A$47/1000, "nF", Addendum!$A$62/1000, "ng", Addendum!$A$69/1000, ), _xlpm.EqName, INDEX($S:$S, ROW()), _xlpm.a_1, INDEX($T:$T, ROW()), _xlpm.a_2, INDEX($U:$U, ROW()), _xlpm.a_3, INDEX($V:$V, ROW()), _xlpm.a_4, INDEX($W:$W, ROW()), _xlpm.a_5, INDEX($X:$X, ROW()), _xlpm.a_6, INDEX($Y:$Y, ROW()), _xlpm.b_1, IF(ISNUMBER(SEARCH("Schott 3/4", _xlpm.EqName)), IFERROR(_xlfn.TEXTAFTER(INDEX($AE:$AE, ROW()), "="), 0), 0), _xlpm.Sellmeier, _xlfn.LAMBDA(_xlpm.λ, _xlpm.a_1*_xlpm.λ^2/(_xlpm.λ^2-_xlpm.a_4) + _xlpm.a_2*_xlpm.λ^2/(_xlpm.λ^2-_xlpm.a_5) + _xlpm.a_3*_xlpm.λ^2/(_xlpm.λ^2-_xlpm.a_6)), _xlpm.Schott, _xlfn.LAMBDA(_xlpm.λ, _xlpm.a_1 + _xlpm.a_2*(_xlpm.λ^2) + _xlpm.b_1*(_xlpm.λ^4) + _xlpm.a_3*(_xlpm.λ^-2) + _xlpm.a_4*(_xlpm.λ^-4) + _xlpm.a_5*(_xlpm.λ^-6) + _xlpm.a_6*(_xlpm.λ^-8)), IF(ISNUMBER(SEARCH("Sellmeier", _xlpm.EqName)), IF(ISNUMBER(SEARCH("Mod", _xlpm.EqName)), SQRT((2*_xlpm.Sellmeier(_xlpm.λX)+1)/(1-_xlpm.Sellmeier(_xlpm.λX))), SQRT(1+_xlpm.Sellmeier(_xlpm.λX)) ), IF(ISNUMBER(SEARCH("Schott", _xlpm.EqName)), SQRT(_xlpm.Schott(_xlpm.λX)), NA() ) ) )} -> 1.54344 | K38: {=_xlfn.LET( _xlpm.λX, _xlfn.SWITCH(INDEX($2:$2, COLUMN()), "nC", Addendum!$A$37/1000, "nd", Addendum!$A$46/1000, "ne", Addendum!$A$47/1000, "nF", Addendum!$A$62/1000, "ng", Addendum!$A$69/1000, ), _xlpm.EqName, INDEX($S:$S, ROW()), _xlpm.a_1, INDEX($T:$T, ROW()), _xlpm.a_2, INDEX($U:$U, ROW()), _xlpm.a_3, INDEX($V:$V, ROW()), _xlpm.a_4, INDEX($W:$W, ROW()), _xlpm.a_5, INDEX($X:$X, ROW()), _xlpm.a_6, INDEX($Y:$Y, ROW()), _xlpm.b_1, IF(ISNUMBER(SEARCH("Schott 3/4", _xlpm.EqName)), IFERROR(_xlfn.TEXTAFTER(INDEX($AE:$AE, ROW()), "="), 0), 0), _xlpm.Sellmeier, _xlfn.LAMBDA(_xlpm.λ, _xlpm.a_1*_xlpm.λ^2/(_xlpm.λ^2-_xlpm.a_4) + _xlpm.a_2*_xlpm.λ^2/(_xlpm.λ^2-_xlpm.a_5) + _xlpm.a_3*_xlpm.λ^2/(_xlpm.λ^2-_xlpm.a_6)), _xlpm.Schott, _xlfn.LAMBDA(_xlpm.λ, _xlpm.a_1 + _xlpm.a_2*(_xlpm.λ^2) + _xlpm.b_1*(_xlpm.λ^4) + _xlpm.a_3*(_xlpm.λ^-2) + _xlpm.a_4*(_xlpm.λ^-4) + _xlpm.a_5*(_xlpm.λ^-6) + _xlpm.a_6*(_xlpm.λ^-8)), IF(ISNUMBER(SEARCH("Sellmeier", _xlpm.EqName)), IF(ISNUMBER(SEARCH("Mod", _xlpm.EqName)), SQRT((2*_xlpm.Sellmeier(_xlpm.λX)+1)/(1-_xlpm.Sellmeier(_xlpm.λX))), SQRT(1+_xlpm.Sellmeier(_xlpm.λX)) ), IF(ISNUMBER(SEARCH("Schott", _xlpm.EqName)), SQRT(_xlpm.Schott(_xlpm.λX)), NA() ) ) )} -> 1.5487458 | L38: {=_xlfn.LET( _xlpm.λX, _xlfn.SWITCH(INDEX($2:$2, COLUMN()), "nC", Addendum!$A$37/1000, "nd", Addendum!$A$46/1000, "ne", Addendum!$A$47/1000, "nF", Addendum!$A$62/1000, "ng", Addendum!$A$69/1000, ), _xlpm.EqName, INDEX($S:$S, ROW()), _xlpm.a_1, INDEX($T:$T, ROW()), _xlpm.a_2, INDEX($U:$U, ROW()), _xlpm.a_3, INDEX($V:$V, ROW()), _xlpm.a_4, INDEX($W:$W, ROW()), _xlpm.a_5, INDEX($X:$X, ROW()), _xlpm.a_6, INDEX($Y:$Y, ROW()), _xlpm.b_1, IF(ISNUMBER(SEARCH("Schott 3/4", _xlpm.EqName)), IFERROR(_xlfn.TEXTAFTER(INDEX($AE:$AE, ROW()), "="), 0), 0), _xlpm.Sellmeier, _xlfn.LAMBDA(_xlpm.λ, _xlpm.a_1*_xlpm.λ^2/(_xlpm.λ^2-_xlpm.a_4) + _xlpm.a_2*_xlpm.λ^2/(_xlpm.λ^2-_xlpm.a_5) + _xlpm.a_3*_xlpm.λ^2/(_xlpm.λ^2-_xlpm.a_6)), _xlpm.Schott, _xlfn.LAMBDA(_xlpm.λ, _xlpm.a_1 + _xlpm.a_2*(_xlpm.λ^2) + _xlpm.b_1*(_xlpm.λ^4) + _xlpm.a_3*(_xlpm.λ^-2) + _xlpm.a_4*(_xlpm.λ^-4) + _xlpm.a_5*(_xlpm.λ^-6) + _xlpm.a_6*(_xlpm.λ^-8)), IF(ISNUMBER(SEARCH("Sellmeier", _xlpm.EqName)), IF(ISNUMBER(SEARCH("Mod", _xlpm.EqName)), SQRT((2*_xlpm.Sellmeier(_xlpm.λX)+1)/(1-_xlpm.Sellmeier(_xlpm.λX))), SQRT(1+_xlpm.Sellmeier(_xlpm.λX)) ), IF(ISNUMBER(SEARCH("Schott", _xlpm.EqName)), SQRT(_xlpm.Schott(_xlpm.λX)), NA() ) ) )} -> 1.5552161 | M38: =K38-H38 -> 0.011449211 | N38: =I38-H38 -> 0.0034232985 | O38: =L38-K38 -> 0.0064702823 | P38: =(I38-H38)/M38 -> 0.29899863 | Q38: =(L38-K38)/M38 -> 0.5651291 | R38: 0 | S38: Sellmeier 3 | T38: 1.234015 | U38: 0.095979683 | V38: 1.2050399 | W38: 0.008695078 | X38: 0.046561143 | Y38: 137.9533 | Z38: 2.52 | AA38: 498 | AB38: 658 | AC38: Not Specified | AD38: Recommended
